plant,generator ID,technology,energy_source,prime_mover,lat,lon,nameplate_capacity,ba,EI gen,EI Bus,Capacity Change,Generator Add,Generator twin,prime_mover_1,energy_source ,Column17,Column18,Column19
Tangier,5,Petroleum Liquids,DFO,IC,37.8277,-75.9915,1.2,PJM,,,1.2,yes,no,IC,DFO,,,
Tangier,6,Petroleum Liquids,DFO,IC,37.8277,-75.9915,1.2,PJM,,,1.2,yes,no,IC,DFO,,,
Church Street Plant,C3A,Petroleum Liquids,DFO,IC,38.752347,-77.46292,1.1,PJM,,,1.1,yes,no,IC,DFO,,,
Church Street Plant,C5,Petroleum Liquids,DFO,IC,38.752347,-77.46292,1.6,PJM,,,1.6,yes,no,IC,DFO,,,
Church Street Plant,C6,Petroleum Liquids,DFO,IC,38.752347,-77.46292,1.6,PJM,,,1.6,yes,no,IC,DFO,,,
Godwin Drive Plant,C10,Petroleum Liquids,DFO,IC,38.74054,-77.50806,1.5,PJM,,,1.5,yes,no,IC,DFO,,,
Godwin Drive Plant,C7,Petroleum Liquids,DFO,IC,38.74054,-77.50806,1.6,PJM,,,1.6,yes,no,IC,DFO,,,
Godwin Drive Plant,C8,Petroleum Liquids,DFO,IC,38.74054,-77.50806,1.6,PJM,,,1.6,yes,no,IC,DFO,,,
Godwin Drive Plant,C9,Petroleum Liquids,DFO,IC,38.74054,-77.50806,1.6,PJM,,,1.6,yes,no,IC,DFO,,,
VMEA 1 Credit Gen,V10,Petroleum Liquids,DFO,IC,38.74054,-77.50806,1.6,PJM,,,1.6,yes,no,IC,DFO,,,
VMEA 1 Credit Gen,V3,Petroleum Liquids,DFO,IC,38.74054,-77.50806,1.6,PJM,,,1.6,yes,no,IC,DFO,,,
VMEA 1 Credit Gen,V4,Petroleum Liquids,DFO,IC,38.74054,-77.50806,1.6,PJM,,,1.6,yes,no,IC,DFO,,,
VMEA 1 Credit Gen,V5,Petroleum Liquids,DFO,IC,38.74054,-77.50806,1.6,PJM,,,1.6,yes,no,IC,DFO,,,
VMEA 1 Credit Gen,V6,Petroleum Liquids,DFO,IC,38.74054,-77.50806,1.6,PJM,,,1.6,yes,no,IC,DFO,,,
VMEA 1 Credit Gen,V7,Petroleum Liquids,DFO,IC,38.74054,-77.50806,1.6,PJM,,,1.6,yes,no,IC,DFO,,,
VMEA 1 Credit Gen,V8,Petroleum Liquids,DFO,IC,38.74054,-77.50806,1.6,PJM,,,1.6,yes,no,IC,DFO,,,
VMEA 1 Credit Gen,V9-1,Petroleum Liquids,DFO,IC,38.74054,-77.50806,2.0,PJM,,,2.0,yes,no,IC,DFO,,,
VMEA Peaking Gen,V1,Petroleum Liquids,DFO,IC,38.74054,-77.50806,1.6,PJM,,,1.6,yes,no,IC,DFO,,,
VMEA Peaking Gen,V11,Petroleum Liquids,DFO,IC,38.74054,-77.50806,1.6,PJM,,,1.6,yes,no,IC,DFO,,,
VMEA Peaking Gen,V12,Petroleum Liquids,DFO,IC,38.74054,-77.50806,1.6,PJM,,,1.6,yes,no,IC,DFO,,,
VMEA Peaking Gen,V2,Petroleum Liquids,DFO,IC,38.74054,-77.50806,1.6,PJM,,,1.6,yes,no,IC,DFO,,,
Dominion/Lo Mar,DOM1,Petroleum Liquids,DFO,GT,38.7443,-77.4974,12.0,PJM,,,12.0,yes,no,GT,DFO,,,
Dominion/Lo Mar,DOM2,Petroleum Liquids,DFO,IC,38.7443,-77.4974,1.8,PJM,,,1.8,yes,no,IC,DFO,,,
Dominion/Lo Mar,LOM1,Petroleum Liquids,DFO,IC,38.7443,-77.4974,1.8,PJM,,,1.8,yes,no,IC,DFO,,,
Dominion/Lo Mar,LOM2,Petroleum Liquids,DFO,IC,38.7443,-77.4974,1.8,PJM,,,1.8,yes,no,IC,DFO,,,
Dominion/Lo Mar,LOM3,Petroleum Liquids,DFO,IC,38.7443,-77.4974,1.8,PJM,,,1.8,yes,no,IC,DFO,,,
Gateway Gen,1,Petroleum Liquids,DFO,IC,38.725278,-77.50972,1.8,PJM,,,1.8,yes,no,IC,DFO,,,
Gateway Gen,2,Petroleum Liquids,DFO,IC,38.725278,-77.50972,1.8,PJM,,,1.8,yes,no,IC,DFO,,,
Nottoway Diesel Generating Facility,1,Petroleum Liquids,DFO,IC,36.697222,-77.105,2.0,PJM,,,2.0,yes,no,IC,DFO,,,
Nottoway Diesel Generating Facility,2,Petroleum Liquids,DFO,IC,36.697222,-77.105,2.0,PJM,,,2.0,yes,no,IC,DFO,,,
WestRock-West Point Mill,GEN8,Wood/Wood Waste Biomass,BLQ,ST,37.5392,-76.8053,5.0,PJM,,,5.0,yes,no,ST,BLQ,,,
WestRock-West Point Mill,GEN9,Wood/Wood Waste Biomass,BLQ,ST,37.5392,-76.8053,10.0,PJM,,,10.0,yes,no,ST,BLQ,,,
WestRock-West Point Mill,GN10,Wood/Wood Waste Biomass,BLQ,ST,37.5392,-76.8053,25.0,PJM,,,25.0,yes,no,ST,BLQ,,,
WestRock-West Point Mill,GN11,Wood/Wood Waste Biomass,BLQ,ST,37.5392,-76.8053,15.0,PJM,,,15.0,yes,no,ST,BLQ,,,
WestRock-West Point Mill,GN12,Wood/Wood Waste Biomass,BLQ,ST,37.5392,-76.8053,46.0,PJM,,,46.0,yes,no,ST,BLQ,,,
Park 500 Philip Morris USA,TG3,Natural Gas Steam Turbine,NG,ST,37.3389,-77.2806,13.0,PJM,,,13.0,yes,no,ST,NG,,,
Georgia-Pacific Big Island,GEN1,Wood/Wood Waste Biomass,WDS,ST,37.534,-79.357,7.5,PJM,,,7.5,yes,no,ST,WDS,,,
Covington Facility,GEN3,Conventional Steam Coal,BIT,ST,37.799722,-79.9947,10.5,PJM,,,10.5,yes,no,ST,BIT,,,
Covington Facility,GEN4,Wood/Wood Waste Biomass,BLQ,ST,37.799722,-79.9947,34.0,PJM,,,34.0,yes,no,ST,BLQ,,,
Covington Facility,GEN5,Conventional Steam Coal,BIT,ST,37.799722,-79.9947,34.0,PJM,,,34.0,yes,no,ST,BIT,,,
Covington Facility,GEN7,Wood/Wood Waste Biomass,WDS,ST,37.799722,-79.9947,82.4,PJM,,,82.4,yes,no,ST,WDS,,,
Radford Army Ammunition Plant,GEN1,Natural Gas Steam Turbine,NG,ST,37.180441,-80.54277,6.0,PJM,,,6.0,yes,no,ST,NG,,,
Radford Army Ammunition Plant,GEN2,Natural Gas Steam Turbine,NG,ST,37.180441,-80.54277,6.0,PJM,,,6.0,yes,no,ST,NG,,,
Radford Army Ammunition Plant,GEN3,Natural Gas Steam Turbine,NG,ST,37.180441,-80.54277,6.0,PJM,,,6.0,yes,no,ST,NG,,,
Celanese Acetate LLC,GEN1,Natural Gas Steam Turbine,NG,ST,37.3439,-80.765,6.0,PJM,,,6.0,yes,no,ST,NG,,,
Celanese Acetate LLC,GEN2,Natural Gas Steam Turbine,NG,ST,37.3439,-80.765,6.0,PJM,,,6.0,yes,no,ST,NG,,,
Celanese Acetate LLC,GEN3,Natural Gas Steam Turbine,NG,ST,37.3439,-80.765,6.0,PJM,,,6.0,yes,no,ST,NG,,,
Celanese Acetate LLC,GEN4,Natural Gas Steam Turbine,NG,ST,37.3439,-80.765,9.2,PJM,,,9.2,yes,no,ST,NG,,,
Elkton,GEN1,Natural Gas Steam Turbine,NG,ST,38.3836,-78.6528,7.2,PJM,,,7.2,yes,no,ST,NG,,,
Elkton,GEN5,Natural Gas Steam Turbine,NG,ST,38.3836,-78.6528,0.4,PJM,,,0.4,yes,no,ST,NG,,,
Elkton,GEN6,Natural Gas Steam Turbine,NG,ST,38.3836,-78.6528,1.2,PJM,,,1.2,yes,no,ST,NG,,,
Elkton,GEN7,Natural Gas Steam Turbine,NG,ST,38.3836,-78.6528,1.2,PJM,,,1.2,yes,no,ST,NG,,,
Elkton,GEN8,Natural Gas Internal Combustion Engine,NG,IC,38.3836,-78.6528,2.0,PJM,,,2.0,yes,no,IC,NG,,,
I 95 Landfill Phase II,UNT1,Landfill Gas,LFG,IC,38.6892,-77.2375,0.8,PJM,,,0.8,yes,no,IC,LFG,,,
I 95 Landfill Phase II,UNT2,Landfill Gas,LFG,IC,38.6892,-77.2375,0.8,PJM,,,0.8,yes,no,IC,LFG,,,
I 95 Landfill Phase II,UNT3,Landfill Gas,LFG,IC,38.6892,-77.2375,0.8,PJM,,,0.8,yes,no,IC,LFG,,,
I 95 Landfill Phase II,UNT4,Landfill Gas,LFG,IC,38.6892,-77.2375,0.8,PJM,,,0.8,yes,no,IC,LFG,,,
Pretlow,1,Petroleum Liquids,DFO,IC,36.659167,-76.92667,1.6,PJM,,,1.6,yes,no,IC,DFO,,,
Pretlow,2,Petroleum Liquids,DFO,IC,36.659167,-76.92667,1.6,PJM,,,1.6,yes,no,IC,DFO,,,
Downtown,1,Petroleum Liquids,DFO,IC,36.680278,-76.92194,1.6,PJM,,,1.6,yes,no,IC,DFO,,,
Downtown,2,Petroleum Liquids,DFO,IC,36.680278,-76.92194,1.6,PJM,,,1.6,yes,no,IC,DFO,,,
Mount Clinton,D-2,Petroleum Liquids,DFO,IC,38.4681,-78.865,2.0,PJM,,,2.0,yes,no,IC,DFO,,,
Mount Clinton,D-3,Petroleum Liquids,DFO,IC,38.4681,-78.865,2.0,PJM,,,2.0,yes,no,IC,DFO,,,
Mount Clinton,D-5,Petroleum Liquids,DFO,IC,38.4681,-78.865,2.0,PJM,,,2.0,yes,no,IC,DFO,,,
Mount Clinton,D-7,Petroleum Liquids,DFO,IC,38.4681,-78.865,2.0,PJM,,,2.0,yes,no,IC,DFO,,,
Mount Clinton,D-8,Petroleum Liquids,DFO,IC,38.4681,-78.865,2.0,PJM,,,2.0,yes,no,IC,DFO,,,
Mount Clinton,MC-1,Petroleum Liquids,DFO,GT,38.4681,-78.865,14.0,PJM,,,14.0,yes,no,GT,DFO,,,
Pleasant Valley (VA),D-4,Petroleum Liquids,DFO,IC,38.4006,-78.8983,2.0,PJM,,,2.0,yes,no,IC,DFO,,,
Pleasant Valley (VA),D-6,Petroleum Liquids,DFO,IC,38.4006,-78.8983,2.0,PJM,,,2.0,yes,no,IC,DFO,,,
Pleasant Valley (VA),PV-1,Petroleum Liquids,DFO,GT,38.4006,-78.8983,16.5,PJM,,,16.5,yes,no,GT,DFO,,,
Salem Water Plant,1,Petroleum Liquids,DFO,IC,37.2875,-80.0771,2.0,PJM,,,2.0,yes,no,IC,DFO,,,
Salem Street Dept,1,Petroleum Liquids,DFO,IC,37.2794,-80.0447,1.8,PJM,,,1.8,yes,no,IC,DFO,,,
Danville Kentuck Road Plant,GEN 1,Petroleum Liquids,DFO,IC,36.66106,-79.2986,1.8,PJM,,,1.8,yes,no,IC,DFO,,,
Electric Avenue Facility,1,Petroleum Liquids,DFO,IC,38.28,-77.59,1.8,PJM,,,1.8,yes,no,IC,DFO,,,
Electric Avenue Facility,2,Petroleum Liquids,DFO,IC,38.28,-77.59,1.8,PJM,,,1.8,yes,no,IC,DFO,,,
Electric Avenue Facility,3,Petroleum Liquids,DFO,IC,38.28,-77.59,1.8,PJM,,,1.8,yes,no,IC,DFO,,,
Electric Avenue Facility,4,Petroleum Liquids,DFO,IC,38.28,-77.59,1.5,PJM,,,1.5,yes,no,IC,DFO,,,
Water Treatment Plant Generators,WP1,Petroleum Liquids,DFO,IC,38.760695,-77.62089,1.8,PJM,,,1.8,yes,no,IC,DFO,,,
Salem Electric Department,1,Petroleum Liquids,DFO,IC,37.2894,-80.07,1.3,PJM,,,1.3,yes,no,IC,DFO,,,
Waste Management Bethel LFGTE,GEN1,Landfill Gas,LFG,IC,37.076352,-76.44437,0.8,PJM,,,0.8,yes,no,IC,LFG,,,
Waste Management Bethel LFGTE,GEN2,Landfill Gas,LFG,IC,37.076352,-76.44437,0.8,PJM,,,0.8,yes,no,IC,LFG,,,
Waste Management Bethel LFGTE,GEN3,Landfill Gas,LFG,IC,37.076352,-76.44437,0.8,PJM,,,0.8,yes,no,IC,LFG,,,
Waste Management Bethel LFGTE,GEN4,Landfill Gas,LFG,IC,37.076352,-76.44437,0.8,PJM,,,0.8,yes,no,IC,LFG,,,
Waste Management Bethel LFGTE,GEN5,Landfill Gas,LFG,IC,37.076352,-76.44437,0.8,PJM,,,0.8,yes,no,IC,LFG,,,
Waste Management Bethel LFGTE,GEN6,Landfill Gas,LFG,IC,37.076352,-76.44437,0.8,PJM,,,0.8,yes,no,IC,LFG,,,
Brunswick Landfill Gas,10,Landfill Gas,LFG,IC,36.7639,-77.8108,0.3,PJM,,,0.3,yes,no,IC,LFG,,,
Brunswick Landfill Gas,11,Landfill Gas,LFG,IC,36.7639,-77.8108,0.3,PJM,,,0.3,yes,no,IC,LFG,,,
Brunswick Landfill Gas,12,Landfill Gas,LFG,IC,36.7639,-77.8108,0.3,PJM,,,0.3,yes,no,IC,LFG,,,
Brunswick Landfill Gas,13,Landfill Gas,LFG,IC,36.7639,-77.8108,0.3,PJM,,,0.3,yes,no,IC,LFG,,,10.5
Brunswick Landfill Gas,14,Landfill Gas,LFG,IC,36.7639,-77.8108,0.3,PJM,,,0.3,yes,no,IC,LFG,,,
Brunswick Landfill Gas,15,Landfill Gas,LFG,IC,36.7639,-77.8108,0.3,PJM,,,0.3,yes,no,IC,LFG,,,
Brunswick Landfill Gas,16,Landfill Gas,LFG,IC,36.7639,-77.8108,0.3,PJM,,,0.3,yes,no,IC,LFG,,,
Brunswick Landfill Gas,17,Landfill Gas,LFG,IC,36.7639,-77.8108,0.3,PJM,,,0.3,yes,no,IC,LFG,,,
Brunswick Landfill Gas,18,Landfill Gas,LFG,IC,36.7639,-77.8108,0.3,PJM,,,0.3,yes,no,IC,LFG,,,
Brunswick Landfill Gas,19,Landfill Gas,LFG,IC,36.7639,-77.8108,0.3,PJM,,,0.3,yes,no,IC,LFG,,,
Brunswick Landfill Gas,2,Landfill Gas,LFG,IC,36.7639,-77.8108,0.3,PJM,,,0.3,yes,no,IC,LFG,,,
Brunswick Landfill Gas,20,Landfill Gas,LFG,IC,36.7639,-77.8108,0.3,PJM,,,0.3,yes,no,IC,LFG,,,
Brunswick Landfill Gas,21,Landfill Gas,LFG,IC,36.7639,-77.8108,0.3,PJM,,,0.3,yes,no,IC,LFG,,,
Brunswick Landfill Gas,22,Landfill Gas,LFG,IC,36.7639,-77.8108,0.3,PJM,,,0.3,yes,no,IC,LFG,,,
Brunswick Landfill Gas,23,Landfill Gas,LFG,IC,36.7639,-77.8108,0.3,PJM,,,0.3,yes,no,IC,LFG,,,
Brunswick Landfill Gas,24,Landfill Gas,LFG,IC,36.7639,-77.8108,0.3,PJM,,,0.3,yes,no,IC,LFG,,,
Brunswick Landfill Gas,25,Landfill Gas,LFG,IC,36.7639,-77.8108,0.3,PJM,,,0.3,yes,no,IC,LFG,,,
Brunswick Landfill Gas,26,Landfill Gas,LFG,IC,36.7639,-77.8108,0.3,PJM,,,0.3,yes,no,IC,LFG,,,
Brunswick Landfill Gas,27,Landfill Gas,LFG,IC,36.7639,-77.8108,0.3,PJM,,,0.3,yes,no,IC,LFG,,,
Brunswick Landfill Gas,28,Landfill Gas,LFG,IC,36.7639,-77.8108,0.3,PJM,,,0.3,yes,no,IC,LFG,,,
Brunswick Landfill Gas,29,Landfill Gas,LFG,IC,36.7639,-77.8108,0.3,PJM,,,0.3,yes,no,IC,LFG,,,
Brunswick Landfill Gas,3,Landfill Gas,LFG,IC,36.7639,-77.8108,0.3,PJM,,,0.3,yes,no,IC,LFG,,,
Brunswick Landfill Gas,30,Landfill Gas,LFG,IC,36.7639,-77.8108,0.3,PJM,,,0.3,yes,no,IC,LFG,,,
Brunswick Landfill Gas,31,Landfill Gas,LFG,IC,36.7639,-77.8108,0.3,PJM,,,0.3,yes,no,IC,LFG,,,
Brunswick Landfill Gas,32,Landfill Gas,LFG,IC,36.7639,-77.8108,0.3,PJM,,,0.3,yes,no,IC,LFG,,,
Brunswick Landfill Gas,33,Landfill Gas,LFG,IC,36.7639,-77.8108,0.3,PJM,,,0.3,yes,no,IC,LFG,,,
Brunswick Landfill Gas,34,Landfill Gas,LFG,IC,36.7639,-77.8108,0.3,PJM,,,0.3,yes,no,IC,LFG,,,
Brunswick Landfill Gas,35,Landfill Gas,LFG,IC,36.7639,-77.8108,0.3,PJM,,,0.3,yes,no,IC,LFG,,,
Brunswick Landfill Gas,36,Landfill Gas,LFG,IC,36.7639,-77.8108,0.3,PJM,,,0.3,yes,no,IC,LFG,,,
Brunswick Landfill Gas,4,Landfill Gas,LFG,IC,36.7639,-77.8108,0.3,PJM,,,0.3,yes,no,IC,LFG,,,
Brunswick Landfill Gas,5,Landfill Gas,LFG,IC,36.7639,-77.8108,0.3,PJM,,,0.3,yes,no,IC,LFG,,,
Brunswick Landfill Gas,6,Landfill Gas,LFG,IC,36.7639,-77.8108,0.3,PJM,,,0.3,yes,no,IC,LFG,,,
Brunswick Landfill Gas,7,Landfill Gas,LFG,IC,36.7639,-77.8108,0.3,PJM,,,0.3,yes,no,IC,LFG,,,
Brunswick Landfill Gas,8,Landfill Gas,LFG,IC,36.7639,-77.8108,0.3,PJM,,,0.3,yes,no,IC,LFG,,,
Brunswick Landfill Gas,9,Landfill Gas,LFG,IC,36.7639,-77.8108,0.3,PJM,,,0.3,yes,no,IC,LFG,,,
Charles City,1,Landfill Gas,LFG,IC,37.438889,-77.12861,0.3,PJM,,,0.3,yes,no,IC,LFG,,,
Charles City,10,Landfill Gas,LFG,IC,37.438889,-77.12861,0.3,PJM,,,0.3,yes,no,IC,LFG,,,
Charles City,11,Landfill Gas,LFG,IC,37.438889,-77.12861,0.3,PJM,,,0.3,yes,no,IC,LFG,,,
Charles City,12,Landfill Gas,LFG,IC,37.438889,-77.12861,0.3,PJM,,,0.3,yes,no,IC,LFG,,,
Charles City,13,Landfill Gas,LFG,IC,37.438889,-77.12861,0.3,PJM,,,0.3,yes,no,IC,LFG,,,
Charles City,14,Landfill Gas,LFG,IC,37.438889,-77.12861,0.3,PJM,,,0.3,yes,no,IC,LFG,,,
Charles City,15,Landfill Gas,LFG,IC,37.438889,-77.12861,0.3,PJM,,,0.3,yes,no,IC,LFG,,,
Charles City,16,Landfill Gas,LFG,IC,37.438889,-77.12861,0.3,PJM,,,0.3,yes,no,IC,LFG,,,
Charles City,17,Landfill Gas,LFG,IC,37.438889,-77.12861,0.3,PJM,,,0.3,yes,no,IC,LFG,,,
Charles City,18,Landfill Gas,LFG,IC,37.438889,-77.12861,0.3,PJM,,,0.3,yes,no,IC,LFG,,,
Charles City,19,Landfill Gas,LFG,IC,37.438889,-77.12861,0.3,PJM,,,0.3,yes,no,IC,LFG,,,
Charles City,2,Landfill Gas,LFG,IC,37.438889,-77.12861,0.3,PJM,,,0.3,yes,no,IC,LFG,,,
Charles City,20,Landfill Gas,LFG,IC,37.438889,-77.12861,0.3,PJM,,,0.3,yes,no,IC,LFG,,,
Charles City,21,Landfill Gas,LFG,IC,37.438889,-77.12861,0.3,PJM,,,0.3,yes,no,IC,LFG,,,
Charles City,22,Landfill Gas,LFG,IC,37.438889,-77.12861,0.3,PJM,,,0.3,yes,no,IC,LFG,,,
Charles City,23,Landfill Gas,LFG,IC,37.438889,-77.12861,0.3,PJM,,,0.3,yes,no,IC,LFG,,,
Charles City,24,Landfill Gas,LFG,IC,37.438889,-77.12861,0.3,PJM,,,0.3,yes,no,IC,LFG,,,
Charles City,25,Landfill Gas,LFG,IC,37.438889,-77.12861,0.3,PJM,,,0.3,yes,no,IC,LFG,,,
Charles City,26,Landfill Gas,LFG,IC,37.438889,-77.12861,0.3,PJM,,,0.3,yes,no,IC,LFG,,,
Charles City,27,Landfill Gas,LFG,IC,37.438889,-77.12861,0.3,PJM,,,0.3,yes,no,IC,LFG,,,
Charles City,28,Landfill Gas,LFG,IC,37.438889,-77.12861,0.3,PJM,,,0.3,yes,no,IC,LFG,,,
Charles City,29,Landfill Gas,LFG,IC,37.438889,-77.12861,0.3,PJM,,,0.3,yes,no,IC,LFG,,,
Charles City,3,Landfill Gas,LFG,IC,37.438889,-77.12861,0.3,PJM,,,0.3,yes,no,IC,LFG,,,
Charles City,30,Landfill Gas,LFG,IC,37.438889,-77.12861,0.3,PJM,,,0.3,yes,no,IC,LFG,,,
Charles City,31,Landfill Gas,LFG,IC,37.438889,-77.12861,0.3,PJM,,,0.3,yes,no,IC,LFG,,,
Charles City,32,Landfill Gas,LFG,IC,37.438889,-77.12861,0.3,PJM,,,0.3,yes,no,IC,LFG,,,
Charles City,33,Landfill Gas,LFG,IC,37.438889,-77.12861,0.3,PJM,,,0.3,yes,no,IC,LFG,,,
Charles City,34,Landfill Gas,LFG,IC,37.438889,-77.12861,0.3,PJM,,,0.3,yes,no,IC,LFG,,,
Charles City,35,Landfill Gas,LFG,IC,37.438889,-77.12861,0.3,PJM,,,0.3,yes,no,IC,LFG,,,
Charles City,36,Landfill Gas,LFG,IC,37.438889,-77.12861,0.3,PJM,,,0.3,yes,no,IC,LFG,,,
Charles City,37,Landfill Gas,LFG,IC,37.438889,-77.12861,0.3,PJM,,,0.3,yes,no,IC,LFG,,,
Charles City,38,Landfill Gas,LFG,IC,37.438889,-77.12861,0.3,PJM,,,0.3,yes,no,IC,LFG,,,
Charles City,39,Landfill Gas,LFG,IC,37.438889,-77.12861,0.3,PJM,,,0.3,yes,no,IC,LFG,,,
Charles City,4,Landfill Gas,LFG,IC,37.438889,-77.12861,0.3,PJM,,,0.3,yes,no,IC,LFG,,,
Charles City,40,Landfill Gas,LFG,IC,37.438889,-77.12861,0.3,PJM,,,0.3,yes,no,IC,LFG,,,
Charles City,41,Landfill Gas,LFG,IC,37.438889,-77.12861,0.3,PJM,,,0.3,yes,no,IC,LFG,,,
Charles City,42,Landfill Gas,LFG,IC,37.438889,-77.12861,0.3,PJM,,,0.3,yes,no,IC,LFG,,,
Charles City,43,Landfill Gas,LFG,IC,37.438889,-77.12861,0.3,PJM,,,0.3,yes,no,IC,LFG,,,
Charles City,44,Landfill Gas,LFG,IC,37.438889,-77.12861,0.3,PJM,,,0.3,yes,no,IC,LFG,,,
Charles City,45,Landfill Gas,LFG,IC,37.438889,-77.12861,0.3,PJM,,,0.3,yes,no,IC,LFG,,,
Charles City,46,Landfill Gas,LFG,IC,37.438889,-77.12861,0.3,PJM,,,0.3,yes,no,IC,LFG,,,
Charles City,47,Landfill Gas,LFG,IC,37.438889,-77.12861,0.3,PJM,,,0.3,yes,no,IC,LFG,,,
Charles City,48,Landfill Gas,LFG,IC,37.438889,-77.12861,0.3,PJM,,,0.3,yes,no,IC,LFG,,,
Charles City,5,Landfill Gas,LFG,IC,37.438889,-77.12861,0.3,PJM,,,0.3,yes,no,IC,LFG,,,
Charles City,6,Landfill Gas,LFG,IC,37.438889,-77.12861,0.3,PJM,,,0.3,yes,no,IC,LFG,,,
Charles City,7,Landfill Gas,LFG,IC,37.438889,-77.12861,0.3,PJM,,,0.3,yes,no,IC,LFG,,,
Charles City,8,Landfill Gas,LFG,IC,37.438889,-77.12861,0.3,PJM,,,0.3,yes,no,IC,LFG,,,
Charles City,9,Landfill Gas,LFG,IC,37.438889,-77.12861,0.3,PJM,,,0.3,yes,no,IC,LFG,,,
Chesterfield Landfill Gas,1,Petroleum Liquids,DFO,IC,37.3517,-77.4969,0.3,PJM,,,0.3,yes,no,IC,DFO,,,
Chesterfield Landfill Gas,10,Petroleum Liquids,DFO,IC,37.3517,-77.4969,0.3,PJM,,,0.3,yes,no,IC,DFO,,,
Chesterfield Landfill Gas,11,Petroleum Liquids,DFO,IC,37.3517,-77.4969,0.3,PJM,,,0.3,yes,no,IC,DFO,,,
Chesterfield Landfill Gas,12,Petroleum Liquids,DFO,IC,37.3517,-77.4969,0.3,PJM,,,0.3,yes,no,IC,DFO,,,
Chesterfield Landfill Gas,13,Petroleum Liquids,DFO,IC,37.3517,-77.4969,0.3,PJM,,,0.3,yes,no,IC,DFO,,,
Chesterfield Landfill Gas,14,Petroleum Liquids,DFO,IC,37.3517,-77.4969,0.3,PJM,,,0.3,yes,no,IC,DFO,,,
Chesterfield Landfill Gas,15,Petroleum Liquids,DFO,IC,37.3517,-77.4969,0.3,PJM,,,0.3,yes,no,IC,DFO,,,
Chesterfield Landfill Gas,16,Petroleum Liquids,DFO,IC,37.3517,-77.4969,0.3,PJM,,,0.3,yes,no,IC,DFO,,,
Chesterfield Landfill Gas,17,Petroleum Liquids,DFO,IC,37.3517,-77.4969,0.3,PJM,,,0.3,yes,no,IC,DFO,,,
Chesterfield Landfill Gas,18,Petroleum Liquids,DFO,IC,37.3517,-77.4969,0.3,PJM,,,0.3,yes,no,IC,DFO,,,
Chesterfield Landfill Gas,19,Petroleum Liquids,DFO,IC,37.3517,-77.4969,0.3,PJM,,,0.3,yes,no,IC,DFO,,,
Chesterfield Landfill Gas,2,Petroleum Liquids,DFO,IC,37.3517,-77.4969,0.3,PJM,,,0.3,yes,no,IC,DFO,,,
Chesterfield Landfill Gas,20,Petroleum Liquids,DFO,IC,37.3517,-77.4969,0.3,PJM,,,0.3,yes,no,IC,DFO,,,
Chesterfield Landfill Gas,21,Petroleum Liquids,DFO,IC,37.3517,-77.4969,0.3,PJM,,,0.3,yes,no,IC,DFO,,,
Chesterfield Landfill Gas,22,Petroleum Liquids,DFO,IC,37.3517,-77.4969,0.3,PJM,,,0.3,yes,no,IC,DFO,,,
Chesterfield Landfill Gas,23,Petroleum Liquids,DFO,IC,37.3517,-77.4969,0.3,PJM,,,0.3,yes,no,IC,DFO,,,
Chesterfield Landfill Gas,24,Petroleum Liquids,DFO,IC,37.3517,-77.4969,0.3,PJM,,,0.3,yes,no,IC,DFO,,,
Chesterfield Landfill Gas,25,Petroleum Liquids,DFO,IC,37.3517,-77.4969,0.3,PJM,,,0.3,yes,no,IC,DFO,,,
Chesterfield Landfill Gas,26,Petroleum Liquids,DFO,IC,37.3517,-77.4969,0.3,PJM,,,0.3,yes,no,IC,DFO,,,
Chesterfield Landfill Gas,27,Petroleum Liquids,DFO,IC,37.3517,-77.4969,0.3,PJM,,,0.3,yes,no,IC,DFO,,,
Chesterfield Landfill Gas,28,Petroleum Liquids,DFO,IC,37.3517,-77.4969,0.3,PJM,,,0.3,yes,no,IC,DFO,,,
Chesterfield Landfill Gas,29,Petroleum Liquids,DFO,IC,37.3517,-77.4969,0.3,PJM,,,0.3,yes,no,IC,DFO,,,
Chesterfield Landfill Gas,3,Petroleum Liquids,DFO,IC,37.3517,-77.4969,0.3,PJM,,,0.3,yes,no,IC,DFO,,,
Chesterfield Landfill Gas,30,Petroleum Liquids,DFO,IC,37.3517,-77.4969,0.3,PJM,,,0.3,yes,no,IC,DFO,,,
Chesterfield Landfill Gas,31,Petroleum Liquids,DFO,IC,37.3517,-77.4969,0.3,PJM,,,0.3,yes,no,IC,DFO,,,
Chesterfield Landfill Gas,32,Petroleum Liquids,DFO,IC,37.3517,-77.4969,0.3,PJM,,,0.3,yes,no,IC,DFO,,,
Chesterfield Landfill Gas,33,Petroleum Liquids,DFO,IC,37.3517,-77.4969,0.3,PJM,,,0.3,yes,no,IC,DFO,,,
Chesterfield Landfill Gas,34,Petroleum Liquids,DFO,IC,37.3517,-77.4969,0.3,PJM,,,0.3,yes,no,IC,DFO,,,
Chesterfield Landfill Gas,35,Petroleum Liquids,DFO,IC,37.3517,-77.4969,0.3,PJM,,,0.3,yes,no,IC,DFO,,,
Chesterfield Landfill Gas,36,Petroleum Liquids,DFO,IC,37.3517,-77.4969,0.3,PJM,,,0.3,yes,no,IC,DFO,,,
Chesterfield Landfill Gas,37,Petroleum Liquids,DFO,IC,37.3517,-77.4969,0.3,PJM,,,0.3,yes,no,IC,DFO,,,
Chesterfield Landfill Gas,38,Petroleum Liquids,DFO,IC,37.3517,-77.4969,0.3,PJM,,,0.3,yes,no,IC,DFO,,,
Chesterfield Landfill Gas,39,Petroleum Liquids,DFO,IC,37.3517,-77.4969,0.3,PJM,,,0.3,yes,no,IC,DFO,,,
Chesterfield Landfill Gas,4,Petroleum Liquids,DFO,IC,37.3517,-77.4969,0.3,PJM,,,0.3,yes,no,IC,DFO,,,
Chesterfield Landfill Gas,40,Petroleum Liquids,DFO,IC,37.3517,-77.4969,0.3,PJM,,,0.3,yes,no,IC,DFO,,,
Chesterfield Landfill Gas,41,Petroleum Liquids,DFO,IC,37.3517,-77.4969,0.3,PJM,,,0.3,yes,no,IC,DFO,,,
Chesterfield Landfill Gas,42,Petroleum Liquids,DFO,IC,37.3517,-77.4969,0.3,PJM,,,0.3,yes,no,IC,DFO,,,
Chesterfield Landfill Gas,43,Petroleum Liquids,DFO,IC,37.3517,-77.4969,0.3,PJM,,,0.3,yes,no,IC,DFO,,,
Chesterfield Landfill Gas,44,Petroleum Liquids,DFO,IC,37.3517,-77.4969,0.3,PJM,,,0.3,yes,no,IC,DFO,,,
Chesterfield Landfill Gas,45,Petroleum Liquids,DFO,IC,37.3517,-77.4969,0.3,PJM,,,0.3,yes,no,IC,DFO,,,
Chesterfield Landfill Gas,46,Petroleum Liquids,DFO,IC,37.3517,-77.4969,0.3,PJM,,,0.3,yes,no,IC,DFO,,,
Chesterfield Landfill Gas,47,Petroleum Liquids,DFO,IC,37.3517,-77.4969,0.3,PJM,,,0.3,yes,no,IC,DFO,,,
Chesterfield Landfill Gas,48,Petroleum Liquids,DFO,IC,37.3517,-77.4969,0.3,PJM,,,0.3,yes,no,IC,DFO,,,
Chesterfield Landfill Gas,5,Petroleum Liquids,DFO,IC,37.3517,-77.4969,0.3,PJM,,,0.3,yes,no,IC,DFO,,,
Chesterfield Landfill Gas,6,Petroleum Liquids,DFO,IC,37.3517,-77.4969,0.3,PJM,,,0.3,yes,no,IC,DFO,,,
Chesterfield Landfill Gas,7,Petroleum Liquids,DFO,IC,37.3517,-77.4969,0.3,PJM,,,0.3,yes,no,IC,DFO,,,
Chesterfield Landfill Gas,8,Petroleum Liquids,DFO,IC,37.3517,-77.4969,0.3,PJM,,,0.3,yes,no,IC,DFO,,,
Chesterfield Landfill Gas,9,Petroleum Liquids,DFO,IC,37.3517,-77.4969,0.3,PJM,,,0.3,yes,no,IC,DFO,,,
King & Queen,1,Landfill Gas,LFG,IC,37.6711,-76.76,0.3,PJM,,,0.3,yes,no,IC,LFG,,,
King & Queen,10,Landfill Gas,LFG,IC,37.6711,-76.76,0.3,PJM,,,0.3,yes,no,IC,LFG,,,
King & Queen,11,Landfill Gas,LFG,IC,37.6711,-76.76,0.3,PJM,,,0.3,yes,no,IC,LFG,,,
King & Queen,12,Landfill Gas,LFG,IC,37.6711,-76.76,0.3,PJM,,,0.3,yes,no,IC,LFG,,,
King & Queen,13,Landfill Gas,LFG,IC,37.6711,-76.76,0.3,PJM,,,0.3,yes,no,IC,LFG,,,
King & Queen,14,Landfill Gas,LFG,IC,37.6711,-76.76,0.3,PJM,,,0.3,yes,no,IC,LFG,,,
King & Queen,15,Landfill Gas,LFG,IC,37.6711,-76.76,0.3,PJM,,,0.3,yes,no,IC,LFG,,,
King & Queen,16,Landfill Gas,LFG,IC,37.6711,-76.76,0.3,PJM,,,0.3,yes,no,IC,LFG,,,
King & Queen,17,Landfill Gas,LFG,IC,37.6711,-76.76,0.3,PJM,,,0.3,yes,no,IC,LFG,,,
King & Queen,18,Landfill Gas,LFG,IC,37.6711,-76.76,0.3,PJM,,,0.3,yes,no,IC,LFG,,,
King & Queen,19,Landfill Gas,LFG,IC,37.6711,-76.76,0.3,PJM,,,0.3,yes,no,IC,LFG,,,
King & Queen,2,Landfill Gas,LFG,IC,37.6711,-76.76,0.3,PJM,,,0.3,yes,no,IC,LFG,,,
King & Queen,20,Landfill Gas,LFG,IC,37.6711,-76.76,0.3,PJM,,,0.3,yes,no,IC,LFG,,,
King & Queen,21,Landfill Gas,LFG,IC,37.6711,-76.76,0.3,PJM,,,0.3,yes,no,IC,LFG,,,
King & Queen,22,Landfill Gas,LFG,IC,37.6711,-76.76,0.3,PJM,,,0.3,yes,no,IC,LFG,,,
King & Queen,23,Landfill Gas,LFG,IC,37.6711,-76.76,0.3,PJM,,,0.3,yes,no,IC,LFG,,,
King & Queen,24,Landfill Gas,LFG,IC,37.6711,-76.76,0.3,PJM,,,0.3,yes,no,IC,LFG,,,
King & Queen,25,Landfill Gas,LFG,IC,37.6711,-76.76,0.3,PJM,,,0.3,yes,no,IC,LFG,,,
King & Queen,26,Landfill Gas,LFG,IC,37.6711,-76.76,0.3,PJM,,,0.3,yes,no,IC,LFG,,,
King & Queen,27,Landfill Gas,LFG,IC,37.6711,-76.76,0.3,PJM,,,0.3,yes,no,IC,LFG,,,
King & Queen,28,Landfill Gas,LFG,IC,37.6711,-76.76,0.3,PJM,,,0.3,yes,no,IC,LFG,,,
King & Queen,29,Landfill Gas,LFG,IC,37.6711,-76.76,0.3,PJM,,,0.3,yes,no,IC,LFG,,,
King & Queen,3,Landfill Gas,LFG,IC,37.6711,-76.76,0.3,PJM,,,0.3,yes,no,IC,LFG,,,
King & Queen,30,Landfill Gas,LFG,IC,37.6711,-76.76,0.3,PJM,,,0.3,yes,no,IC,LFG,,,
King & Queen,31,Landfill Gas,LFG,IC,37.6711,-76.76,0.3,PJM,,,0.3,yes,no,IC,LFG,,,
King & Queen,32,Landfill Gas,LFG,IC,37.6711,-76.76,0.3,PJM,,,0.3,yes,no,IC,LFG,,,
King & Queen,33,Landfill Gas,LFG,IC,37.6711,-76.76,0.3,PJM,,,0.3,yes,no,IC,LFG,,,
King & Queen,34,Landfill Gas,LFG,IC,37.6711,-76.76,0.3,PJM,,,0.3,yes,no,IC,LFG,,,
King & Queen,35,Landfill Gas,LFG,IC,37.6711,-76.76,0.3,PJM,,,0.3,yes,no,IC,LFG,,,
King & Queen,36,Landfill Gas,LFG,IC,37.6711,-76.76,0.3,PJM,,,0.3,yes,no,IC,LFG,,,
King & Queen,4,Landfill Gas,LFG,IC,37.6711,-76.76,0.3,PJM,,,0.3,yes,no,IC,LFG,,,
King & Queen,5,Landfill Gas,LFG,IC,37.6711,-76.76,0.3,PJM,,,0.3,yes,no,IC,LFG,,,
King & Queen,6,Landfill Gas,LFG,IC,37.6711,-76.76,0.3,PJM,,,0.3,yes,no,IC,LFG,,,
King & Queen,7,Landfill Gas,LFG,IC,37.6711,-76.76,0.3,PJM,,,0.3,yes,no,IC,LFG,,,
King & Queen,8,Landfill Gas,LFG,IC,37.6711,-76.76,0.3,PJM,,,0.3,yes,no,IC,LFG,,,
King & Queen,9,Landfill Gas,LFG,IC,37.6711,-76.76,0.3,PJM,,,0.3,yes,no,IC,LFG,,,
Virginia Tech Power Plant,WG01,Natural Gas Steam Turbine,NG,ST,37.2319,-80.4211,6.3,PJM,,,0.3,yes,no,ST,NG,,,
Waste Management Middle Peninsula LFGTE,GEN1,Landfill Gas,LFG,IC,37.519714,-76.62451,0.8,PJM,,,0.8,yes,no,IC,LFG,,,
Waste Management Middle Peninsula LFGTE,GEN2,Landfill Gas,LFG,IC,37.519714,-76.62451,0.8,PJM,,,0.8,yes,no,IC,LFG,,,
Waste Management Middle Peninsula LFGTE,GEN3,Landfill Gas,LFG,IC,37.519714,-76.62451,0.8,PJM,,,0.8,yes,no,IC,LFG,,,
Waste Management Middle Peninsula LFGTE,GEN4,Landfill Gas,LFG,IC,37.519714,-76.62451,0.8,PJM,,,0.8,yes,no,IC,LFG,,,
Waste Management Middle Peninsula LFGTE,GEN5,Landfill Gas,LFG,IC,37.519714,-76.62451,0.8,PJM,,,0.8,yes,no,IC,LFG,,,
Waste Management Middle Peninsula LFGTE,GEN6,Landfill Gas,LFG,IC,37.519714,-76.62451,0.8,PJM,,,0.8,yes,no,IC,LFG,,,
Waste Management Middle Peninsula LFGTE,GEN7,Landfill Gas,LFG,IC,37.519714,-76.62451,0.8,PJM,,,0.8,yes,no,IC,LFG,,,
Waste Management Middle Peninsula LFGTE,GEN8,Landfill Gas,LFG,IC,37.519714,-76.62451,0.8,PJM,,,0.8,yes,no,IC,LFG,,,
Waste Management King George LFGTE,GEN1,Landfill Gas,LFG,GT,38.2747,-77.3081,3.3,PJM,,,3.3,yes,no,GT,LFG,,,
Waste Management King George LFGTE,GEN2,Landfill Gas,LFG,GT,38.2747,-77.3081,3.3,PJM,,,3.3,yes,no,GT,LFG,,,
Waste Management King George LFGTE,GEN3,Landfill Gas,LFG,GT,38.2747,-77.3081,3.3,PJM,,,3.3,yes,no,GT,LFG,,,
Waste Management King George LFGTE,GEN4,Landfill Gas,LFG,GT,38.2747,-77.3081,3.3,PJM,,,3.3,yes,no,GT,LFG,,,
Henrico,1,Landfill Gas,LFG,IC,37.6788,-77.5678,0.3,PJM,,,0.3,yes,no,IC,LFG,,,
Henrico,10,Landfill Gas,LFG,IC,37.6788,-77.5678,0.3,PJM,,,0.3,yes,no,IC,LFG,,,
Henrico,11,Landfill Gas,LFG,IC,37.6788,-77.5678,0.3,PJM,,,0.3,yes,no,IC,LFG,,,
Henrico,12,Landfill Gas,LFG,IC,37.6788,-77.5678,0.3,PJM,,,0.3,yes,no,IC,LFG,,,
Henrico,2,Landfill Gas,LFG,IC,37.6788,-77.5678,0.3,PJM,,,0.3,yes,no,IC,LFG,,,
Henrico,3,Landfill Gas,LFG,IC,37.6788,-77.5678,0.3,PJM,,,0.3,yes,no,IC,LFG,,,
Henrico,4,Landfill Gas,LFG,IC,37.6788,-77.5678,0.3,PJM,,,0.3,yes,no,IC,LFG,,,
Henrico,5,Landfill Gas,LFG,IC,37.6788,-77.5678,0.3,PJM,,,0.3,yes,no,IC,LFG,,,
Henrico,6,Landfill Gas,LFG,IC,37.6788,-77.5678,0.3,PJM,,,0.3,yes,no,IC,LFG,,,
Henrico,7,Landfill Gas,LFG,IC,37.6788,-77.5678,0.3,PJM,,,0.3,yes,no,IC,LFG,,,
Henrico,8,Landfill Gas,LFG,IC,37.6788,-77.5678,0.3,PJM,,,0.3,yes,no,IC,LFG,,,
Henrico,9,Landfill Gas,LFG,IC,37.6788,-77.5678,0.3,PJM,,,0.3,yes,no,IC,LFG,,,
Frederick County LFGTE Facility,1,Landfill Gas,LFG,IC,39.140833,-78.0975,1.0,PJM,,,1.0,yes,no,IC,LFG,,,
Frederick County LFGTE Facility,2,Landfill Gas,LFG,IC,39.140833,-78.0975,1.0,PJM,,,1.0,yes,no,IC,LFG,,,
Martinsville LFG Generator,LFG1,Natural Gas Internal Combustion Engine,NG,IC,36.717222,-79.84528,1.1,PJM,,,1.1,yes,no,IC,NG,,,
Richmond Energy,UNT1,Landfill Gas,LFG,IC,37.505833,-77.37389,1.6,PJM,,,1.6,yes,no,IC,LFG,,,
Richmond Energy,UNT2,Landfill Gas,LFG,IC,37.505833,-77.37389,1.6,PJM,,,1.6,yes,no,IC,LFG,,,
Richmond Energy,UNT3,Landfill Gas,LFG,IC,37.505833,-77.37389,1.6,PJM,,,1.6,yes,no,IC,LFG,,,
Richmond Energy,UNT4,Landfill Gas,LFG,IC,37.505833,-77.37389,1.6,PJM,,,1.6,yes,no,IC,LFG,,,
Molson Coors Shenandoah Brewery,WWTP,Other Waste Biomass,OBG,GT,38.356944,-78.67667,1.4,PJM,,,1.4,yes,no,GT,OBG,,,
Monterey Diesel Generation Facility,MDG1,Petroleum Liquids,DFO,IC,38.421389,-79.59139,0.6,PJM,,,0.6,yes,no,IC,DFO,,,
Monterey Diesel Generation Facility,MDG10,Petroleum Liquids,DFO,IC,38.421389,-79.59139,0.6,PJM,,,0.6,yes,no,IC,DFO,,,
Monterey Diesel Generation Facility,MDG2,Petroleum Liquids,DFO,IC,38.421389,-79.59139,0.6,PJM,,,0.6,yes,no,IC,DFO,,,
Monterey Diesel Generation Facility,MDG3,Petroleum Liquids,DFO,IC,38.421389,-79.59139,0.6,PJM,,,0.6,yes,no,IC,DFO,,,
Monterey Diesel Generation Facility,MDG4,Petroleum Liquids,DFO,IC,38.421389,-79.59139,0.6,PJM,,,0.6,yes,no,IC,DFO,,,
Monterey Diesel Generation Facility,MDG5,Petroleum Liquids,DFO,IC,38.421389,-79.59139,0.6,PJM,,,0.6,yes,no,IC,DFO,,,
Monterey Diesel Generation Facility,MDG6,Petroleum Liquids,DFO,IC,38.421389,-79.59139,0.6,PJM,,,0.6,yes,no,IC,DFO,,,
Monterey Diesel Generation Facility,MDG7,Petroleum Liquids,DFO,IC,38.421389,-79.59139,0.6,PJM,,,0.6,yes,no,IC,DFO,,,
Monterey Diesel Generation Facility,MDG8,Petroleum Liquids,DFO,IC,38.421389,-79.59139,0.6,PJM,,,0.6,yes,no,IC,DFO,,,
Monterey Diesel Generation Facility,MDG9,Petroleum Liquids,DFO,IC,38.421389,-79.59139,0.6,PJM,,,0.6,yes,no,IC,DFO,,,
New River,E1,Landfill Gas,LFG,IC,37.183,-80.699,0.3,PJM,,,0.3,yes,no,IC,LFG,,,
New River,E10,Landfill Gas,LFG,IC,37.183,-80.699,0.3,PJM,,,0.3,yes,no,IC,LFG,,,
New River,E11,Landfill Gas,LFG,IC,37.183,-80.699,0.3,PJM,,,0.3,yes,no,IC,LFG,,,
New River,E12,Landfill Gas,LFG,IC,37.183,-80.699,0.3,PJM,,,0.3,yes,no,IC,LFG,,,
New River,E13,Landfill Gas,LFG,IC,37.183,-80.699,0.3,PJM,,,0.3,yes,no,IC,LFG,,,
New River,E14,Landfill Gas,LFG,IC,37.183,-80.699,0.3,PJM,,,0.3,yes,no,IC,LFG,,,
New River,E15,Landfill Gas,LFG,IC,37.183,-80.699,0.3,PJM,,,0.3,yes,no,IC,LFG,,,
New River,E16,Landfill Gas,LFG,IC,37.183,-80.699,0.3,PJM,,,0.3,yes,no,IC,LFG,,,
New River,E17,Landfill Gas,LFG,IC,37.183,-80.699,0.3,PJM,,,0.3,yes,no,IC,LFG,,,
New River,E18,Landfill Gas,LFG,IC,37.183,-80.699,0.3,PJM,,,0.3,yes,no,IC,LFG,,,
New River,E2,Landfill Gas,LFG,IC,37.183,-80.699,0.3,PJM,,,0.3,yes,no,IC,LFG,,,
New River,E3,Landfill Gas,LFG,IC,37.183,-80.699,0.3,PJM,,,0.3,yes,no,IC,LFG,,,
New River,E4,Landfill Gas,LFG,IC,37.183,-80.699,0.3,PJM,,,0.3,yes,no,IC,LFG,,,
New River,E5,Landfill Gas,LFG,IC,37.183,-80.699,0.3,PJM,,,0.3,yes,no,IC,LFG,,,
New River,E6,Landfill Gas,LFG,IC,37.183,-80.699,0.3,PJM,,,0.3,yes,no,IC,LFG,,,
New River,E7,Landfill Gas,LFG,IC,37.183,-80.699,0.3,PJM,,,0.3,yes,no,IC,LFG,,,
New River,E8,Landfill Gas,LFG,IC,37.183,-80.699,0.3,PJM,,,0.3,yes,no,IC,LFG,,,
New River,E9,Landfill Gas,LFG,IC,37.183,-80.699,0.3,PJM,,,0.3,yes,no,IC,LFG,,,
HP Hood CT,HHOOD,Natural Gas Fired Combustion Turbine,NG,GT,39.132519,-78.18747,15.0,PJM,,,15.0,yes,no,GT,NG,,,
Belle Haven Diesel Generation Facility,BDG10,Petroleum Liquids,DFO,IC,37.54864,-75.79082,2.0,PJM,,,2.0,yes,no,IC,DFO,,,
Belle Haven Diesel Generation Facility,BDG9,Petroleum Liquids,DFO,IC,37.54864,-75.79082,2.0,PJM,,,2.0,yes,no,IC,DFO,,,
Perdue Diesel Generation Facility,PDG5,Petroleum Liquids,DFO,IC,37.741967,-75.65598,2.0,PJM,,,2.0,yes,no,IC,DFO,,,
Perdue Diesel Generation Facility,PDG6,Petroleum Liquids,DFO,IC,37.741967,-75.65598,2.0,PJM,,,2.0,yes,no,IC,DFO,,,
Onancock Diesel Generation Facility,ODG7,Petroleum Liquids,DFO,IC,37.74542,-75.72049,2.0,PJM,,,2.0,yes,no,IC,DFO,,,
Onancock Diesel Generation Facility,ODG8,Petroleum Liquids,DFO,IC,37.74542,-75.72049,2.0,PJM,,,2.0,yes,no,IC,DFO,,,
Orange Street G1,1,Petroleum Liquids,DFO,IC,37.33206,-79.51109,1.8,PJM,,,1.8,yes,no,IC,DFO,,,
Orange Street G1,P1,Petroleum Liquids,DFO,IC,37.33206,-79.51109,0.6,PJM,,,0.6,yes,no,IC,DFO,,,
Orange Street G1,P2,Petroleum Liquids,DFO,IC,37.33206,-79.51109,0.6,PJM,,,0.6,yes,no,IC,DFO,,,
Orange Street G1,P3,Petroleum Liquids,DFO,IC,37.33206,-79.51109,0.6,PJM,,,0.6,yes,no,IC,DFO,,,
Orange Street G1,P4,Petroleum Liquids,DFO,IC,37.33206,-79.51109,0.6,PJM,,,0.6,yes,no,IC,DFO,,,
Orange Street G1,P5,Petroleum Liquids,DFO,IC,37.33206,-79.51109,0.6,PJM,,,0.6,yes,no,IC,DFO,,,
