GenName,Type,Rating,BusName,BusNumber,Area,Available,Lat,Lon
generator-315092-3,ThermalStandard,822.1088127,1YORKTN3_315092,315092,PJM,FALSE,37.21,-76.46
generator-315007-5,ThermalStandard,820.2354845,1POSSM 5_315007,315007,PJM,FALSE,38.54,-77.28
generator-315244-S1,ThermalStandard,728.7420669,1Z1-086 ST_315244,315244,PJM,TRUE,36.72,-77.66
generator-315213-1S,ThermalStandard,403.8861226,1X4-039 ST_315213,315213,PJM,TRUE,39.07,-77.54
Ladysmith_2,ThermalStandard,179.387848,1LDYSMT2_315038,315038,PJM,TRUE,38.05,-77.55
Ladysmith_1,ThermalStandard,178.6393014,1LDYSMT1_315037,315037,PJM,TRUE,38.05,-77.55
MarshRunGenerationFacility_B,ThermalStandard,175.7057199,1M RUN B_315029,315029,PJM,TRUE,38.53,-77.77
generator-315051-1,ThermalStandard,174.5114609,1AA1-145 CT1_315051,315051,PJM,TRUE,37.94,-77.45
generator-315052-1,ThermalStandard,174.5114609,1AA1-145 CT2_315052,315052,PJM,TRUE,37.94,-77.45
Ladysmith_5,ThermalStandard,173.1293158,1LDYSMT5_315041,315041,PJM,TRUE,38.05,-77.55
generator-315176-E,ThermalStandard,172.7715544,1LOISA E_315176,315176,PJM,FALSE,38.12,-78.22
MarshRunGenerationFacility_A,ThermalStandard,172.1189414,1M RUN A_315028,315028,PJM,TRUE,38.53,-77.77
Ladysmith_3,ThermalStandard,171.4993003,1LDYSMT3_315039,315039,PJM,TRUE,38.05,-77.55
MarshRunGenerationFacility_C,ThermalStandard,170.3842716,1M RUN C_315030,315030,PJM,TRUE,38.53,-77.77
Ladysmith_4,ThermalStandard,170.1621873,1LDYSMT4_315040,315040,PJM,TRUE,38.05,-77.55
Remington_1,ThermalStandard,161.6820646,1REMNGT1_315021,315021,PJM,TRUE,38.54,-77.78
Remington_3,ThermalStandard,160.964903,1REMNGT3_315023,315023,PJM,TRUE,38.54,-77.78
Remington_4,ThermalStandard,160.8671812,1REMNGT4_315024,315024,PJM,TRUE,38.54,-77.78
Remington_2,ThermalStandard,160.0434004,1REMNGT2_315022,315022,PJM,TRUE,38.54,-77.78
DoswellEnergyCenter_B,ThermalStandard,112.6694724,1FOUR RIVERB_315044,315044,PJM,TRUE,37.94,-77.45
DoswellEnergyCenter_D,ThermalStandard,111.903932,1FOUR RIVERD_315046,315046,PJM,TRUE,37.94,-77.45
DoswellEnergyCenter_A,ThermalStandard,111.6716616,1FOUR RIVERA_315043,315043,PJM,TRUE,37.94,-77.45
generator-315110-3,ThermalStandard,111.5600287,1ELIZAR3_315110,315110,PJM,FALSE,36.76,-76.29
DoswellEnergyCenter_E,ThermalStandard,110.7440743,1FOUR RIVERE_315047,315047,PJM,TRUE,37.94,-77.45
generator-315108-1,ThermalStandard,109.5331913,1ELIZAR1_315108,315108,PJM,FALSE,36.76,-76.29
generator-315109-2,ThermalStandard,107.5983736,1ELIZAR2_315109,315109,PJM,FALSE,36.76,-76.29
generator-315078-G2,ThermalStandard,100.461734,1HOPHCF2_315078,315078,PJM,FALSE,37.29,-77.28
generator-315079-G3,ThermalStandard,98.02358135,1HOPHCF3_315079,315079,PJM,FALSE,37.29,-77.28
HopewellCogeneration_G1,ThermalStandard,97.3120753,1HOPHCF1_315077,315077,PJM,TRUE,37.29,-77.28
generator-315122-6,ThermalStandard,94.83142939,1GRAVEL6_315122,315122,PJM,FALSE,37.16,-76.69
generator-315121-5,ThermalStandard,94.59386872,1GRAVEL5_315121,315121,PJM,FALSE,37.16,-76.69
generator-315119-3,ThermalStandard,94.10653537,1GRAVEL3_315119,315119,PJM,FALSE,37.16,-76.69
generator-315120-4,ThermalStandard,93.5940169,1GRAVEL4_315120,315120,PJM,FALSE,37.16,-76.69
generator-315173-B,ThermalStandard,90.89829481,1LOISA B_315173,315173,PJM,FALSE,38.12,-78.22
Darbytown_4,ThermalStandard,90.23242211,1DARBY 4_315070,315070,PJM,TRUE,37.5,-77.37
generator-315172-A,ThermalStandard,89.27155202,1LOISA A_315172,315172,PJM,FALSE,38.12,-78.22
generator-315067-1,ThermalStandard,89.25026611,1DARBY 1_315067,315067,PJM,FALSE,37.5,-77.37
generator-315069-3,ThermalStandard,88.97690712,1DARBY 3_315069,315069,PJM,FALSE,37.5,-77.37
generator-315174-C,ThermalStandard,88.62984825,1LOISA C_315174,315174,PJM,FALSE,38.12,-78.22
generator-315068-2,ThermalStandard,87.99727269,1DARBY 2_315068,315068,PJM,FALSE,37.5,-77.37
generator-316108-1,ThermalStandard,87.84079804,AB2-160 GEN_316108,316108,PJM,FALSE,36.76,-77.57
generator-316131-1,ThermalStandard,84.24345672,AB2-060 GEN_316131,316131,PJM,FALSE,36.81,-78.47
generator-315175-D,ThermalStandard,84.23330695,1LOISA D_315175,315175,PJM,FALSE,38.12,-78.22
generator-314860-A,ThermalStandard,75,4E MILL_314860,314860,PJM,FALSE,37.832279,-79.931168
generator-315064-S8,ThermalStandard,73.8241153,1CHESTS8_315064,315064,PJM,FALSE,37.38,-77.39
generator-315179-G2,ThermalStandard,73.09418582,1S ANNAG2_315179,315179,PJM,FALSE,38.12,-78.2
generator-315177-G1,ThermalStandard,72.47682388,1S ANNAG1_315177,315177,PJM,FALSE,38.12,-78.2
generator-316123-1,ThermalStandard,67.50185183,AC1-075 G1_316123,316123,PJM,FALSE,37.03,-78.98
generator-315062-S7,ThermalStandard,67.08203932,1CHESTS7_315062,315062,PJM,FALSE,37.38,-77.39
generator-315076-C,ThermalStandard,66.94027188,1HOPPOLC_315076,315076,PJM,TRUE,37.29,-77.28
generator-315156-1,ThermalStandard,63.90618123,1HALLBR1_315156,315156,PJM,FALSE,37.12,-79.35
generator-315115-1,ThermalStandard,63.50338574,1S HAMPT1_315115,315115,PJM,FALSE,36.65,-77
generator-247349-5,ThermalStandard,55.37544582,05WLF1G5_247349,247349,PJM,FALSE,36.66,-82.1
generator-247347-3,ThermalStandard,55.37544582,05WLF1G3_247347,247347,PJM,FALSE,36.66,-82.1
generator-247351-1,ThermalStandard,55.37544582,05WLF2G1_247351,247351,PJM,FALSE,36.66,-82.1
generator-247352-2,ThermalStandard,55.37544582,05WLF2G2_247352,247352,PJM,FALSE,36.66,-82.1
generator-247348-4,ThermalStandard,55.37544582,05WLF1G4_247348,247348,PJM,FALSE,36.66,-82.1
generator-316118-1,ThermalStandard,53.73723104,AC1-105 GEN_316118,316118,PJM,FALSE,36.78,-78.92
generator-316283-S1,ThermalStandard,52.65216045,AC2-100 C_316283,316283,PJM,FALSE,36.78,-78.92
generator-313527-1,ThermalStandard,52.523116,AB2-043 GEN_313527,313527,PJM,FALSE,36.81,-78.47
generator-314859-A,ThermalStandard,51.97730274,4WSTVACO_314859,314859,PJM,FALSE,37.871578,-79.982606
generator-315002-B,ThermalStandard,48.79531227,1OMF   B_315002,315002,PJM,FALSE,38.72,-77.16
generator-315001-A,ThermalStandard,47.82073295,1OMF   A_315001,315001,PJM,FALSE,38.72,-77.16
generator-315266-A,ThermalStandard,47.4,1PLYWOOD A_315266,315266,PJM,FALSE,36.7,-78.88
generator-232915-4,ThermalStandard,47.06846078,OH NUG4_232915,232915,PJM,FALSE,37.95,-75.57
generator-232912-1,ThermalStandard,46.9527422,OH NUG1_232912,232912,PJM,FALSE,37.95,-75.57
generator-232914-3,ThermalStandard,46.84015371,OH NUG3_232914,232914,PJM,FALSE,37.95,-75.57
generator-232918-7,ThermalStandard,46.57252409,OH NUG7_232918,232918,PJM,FALSE,37.95,-75.57
generator-232916-5,ThermalStandard,46.57252409,OH NUG5_232916,232916,PJM,FALSE,37.95,-75.57
generator-232917-6,ThermalStandard,46.34878639,OH NUG6_232917,232917,PJM,FALSE,37.95,-75.57
generator-232913-2,ThermalStandard,46.14152143,OH NUG2_232913,232913,PJM,FALSE,37.95,-75.57
generator-316197-1,ThermalStandard,46.07485757,AC1-042 GEN_316197,316197,PJM,FALSE,36.93,-79.1
generator-247282-1,ThermalStandard,43.65775991,05BUCHG1_247282,247282,PJM,FALSE,37.26,-81.92
generator-247283-2,ThermalStandard,43.32435804,05BUCHG2_247283,247283,PJM,FALSE,37.26,-81.92
generator-315085-C,ThermalStandard,42.36702609,1SPRUNCC_315085,315085,PJM,FALSE,37.45,-77.43
generator-315086-D,ThermalStandard,42.36702609,1SPRUNCD_315086,315086,PJM,FALSE,37.45,-77.43
generator-315178-S1,ThermalStandard,40.31128874,1S ANNAS1_315178,315178,PJM,FALSE,38.12,-78.2
generator-315180-S2,ThermalStandard,39.2173431,1S ANNAS2_315180,315180,PJM,FALSE,38.12,-78.2
generator-315073-A,ThermalStandard,38.41301863,1STONECA_315073,315073,PJM,FALSE,37.29,-77.28
generator-314539-A,ThermalStandard,35,3UNCAMP_314539,314539,PJM,FALSE,36.67338,-76.91091
generator-232921-1,ThermalStandard,33.58630673,TASLEY2G_232921,232921,PJM,FALSE,37.71,-75.7
generator-316222-1,ThermalStandard,31.68447569,AC1-221 GEN_316222,316222,PJM,FALSE,36.78,-78.92
generator-316370-1,ThermalStandard,30,X2-060 E_316370,316370,PJM,FALSE,37.83,-79.93
generator-316304-S1,ThermalStandard,25.85652722,AE2-227 C_316304,316304,PJM,FALSE,37.38,-77.52
generator-316301-S1,ThermalStandard,25.85652722,AE2-228 C_316301,316301,PJM,FALSE,37.36,-77.45
generator-316312-S1,ThermalStandard,25.42330427,AB1-027_316312,316312,PJM,FALSE,37.63,-77.25
generator-316205-S1,ThermalStandard,24.30822906,AC1-080 G2_316205,316205,PJM,FALSE,37.03,-78.98
CovantaAlexandria/ArlingtonEnergy_A,ThermalStandard,22.13594362,6VANDORN_314088,314088,PJM,TRUE,38.8013811,-77.12864591
generator-315117-2,ThermalStandard,21.74120512,1GRAVELC_315117,315117,PJM,FALSE,37.16,-76.7
generator-316248-1,ThermalStandard,21.06086418,AF1-058 C_316248,316248,PJM,FALSE,36.67,-78.92
generator-316239-1,ThermalStandard,21.06086418,AB2-077_GEN_316239,316239,PJM,FALSE,36.75,-78.58
generator-316237-1,ThermalStandard,21.06086418,AB2-079_GEN_316237,316237,PJM,FALSE,36.75,-78.58
generator-316303-B1,ThermalStandard,21.06086418,AF2-085_316303,316303,PJM,FALSE,37.5,-77.7
generator-316233-S1,ThermalStandard,21.06086418,AE1-074 FULL_316233,316233,PJM,FALSE,37.39,-77.67
generator-316240-1,ThermalStandard,21.06086418,AF1-291 C_316240,316240,PJM,FALSE,37.36,-77.45
generator-316238-1,ThermalStandard,21.06086418,AB2-078_GEN_316238,316238,PJM,FALSE,36.75,-78.58
generator-316337-1,ThermalStandard,20.97674608,AD2-073 GEN_316337,316337,PJM,FALSE,38.01,-76.74
generator-316075-1,ThermalStandard,20.73506171,AC2-137 C_316075,316075,PJM,FALSE,37.46,-77.22
generator-316223-S1,ThermalStandard,20.46887237,AC1-118_316223,316223,PJM,FALSE,38.08,-76.84
generator-316389-1,ThermalStandard,20.11312529,AG1-064 C_316389,316389,PJM,FALSE,37.5,-77.48
generator-316390-1,ThermalStandard,20.11312529,AG1-065 C_316390,316390,PJM,FALSE,37.5,-77.48
generator-316315-S1,ThermalStandard,20,AB2-025 C_316315,316315,PJM,FALSE,36.94,-77.48
generator-316314-S1,ThermalStandard,20,AB2-024 C_316314,316314,PJM,FALSE,37.43,-77.05
generator-315034-A,ThermalStandard,19.77169694,1NORNECKC1_315034,315034,PJM,FALSE,37.95,-76.71
generator-315186-B,ThermalStandard,19.61631974,1LOWMORA_315186,315186,PJM,FALSE,37.78,-79.89
generator-315098-A,ThermalStandard,19.44890742,1CHESPKA_315098,315098,PJM,FALSE,36.77,-76.3
generator-315034-B,ThermalStandard,18.99315666,1NORNECKC1_315034,315034,PJM,FALSE,37.95,-76.71
generator-315188-D,ThermalStandard,18.11077028,1LOWMORC_315188,315188,PJM,FALSE,37.78,-79.89
generator-315186-A,ThermalStandard,17.76541584,1LOWMORA_315186,315186,PJM,FALSE,37.78,-79.89
generator-315035-C,ThermalStandard,17.61391495,1NORNECKC2_315035,315035,PJM,FALSE,37.95,-76.71
generator-315188-C,ThermalStandard,17.3971262,1LOWMORC_315188,315188,PJM,FALSE,37.78,-79.89
generator-315261-B,ThermalStandard,16.19876539,1GOSPORTB_315261,315261,PJM,FALSE,36.79,-76.31
generator-315117-1,ThermalStandard,15.12679741,1GRAVELC_315117,315117,PJM,FALSE,37.16,-76.7
generator-316077-1,ThermalStandard,14.1883197,AC2-138 C_316077,316077,PJM,FALSE,37.95,-76.71
generator-315262-C,ThermalStandard,14.06307221,1GOSPORTC_315262,315262,PJM,FALSE,36.79,-76.31
generator-314184-A,ThermalStandard,14,3SHACKLE_314184,314184,PJM,FALSE,37.56,-76.821
generator-315260-A,ThermalStandard,13.15180596,1GOSPORTA_315260,315260,PJM,FALSE,36.79,-76.31
generator-314421-A,ThermalStandard,13,6WINCHST_314421,314421,PJM,FALSE,37.028359,-76.429697
generator-315099-F,ThermalStandard,12.7,1CHESPKB_315099,315099,PJM,FALSE,36.77,-76.3
generator-232905-1,ThermalStandard,12.5399362,BAYVIEW1_232905,232905,PJM,FALSE,37.271635,-75.967884
generator-315099-D,ThermalStandard,12.3,1CHESPKB_315099,315099,PJM,FALSE,36.77,-76.3
generator-315035-D,ThermalStandard,12.16552506,1NORNECKC2_315035,315035,PJM,FALSE,37.95,-76.71
generator-315018-F,ThermalStandard,12.1,1POSSMC2_315018,315018,PJM,FALSE,38.54,-77.28
generator-314704-A,ThermalStandard,12,3LAWRENC_314704,314704,PJM,FALSE,36.74989597,-77.84641896
generator-315018-E,ThermalStandard,11.9,1POSSMC2_315018,315018,PJM,FALSE,38.54,-77.28
generator-315015-A,ThermalStandard,11.9,1POSSMC1_315015,315015,PJM,FALSE,38.54,-77.28
generator-315015-C,ThermalStandard,11.9,1POSSMC1_315015,315015,PJM,FALSE,38.54,-77.28
generator-315015-B,ThermalStandard,11.9,1POSSMC1_315015,315015,PJM,FALSE,38.54,-77.28
generator-315018-D,ThermalStandard,11.9,1POSSMC2_315018,315018,PJM,FALSE,38.54,-77.28
generator-314131-A,ThermalStandard,9.9,6ARNOLDS_314131,314131,PJM,FALSE,38.280012,-77.204342
generator-314314-A,ThermalStandard,7,3LOCKS_314314,314314,PJM,FALSE,37.221955,-77.443916
generator-314250-A,ThermalStandard,7,6ROCKVILLE_314250,314250,PJM,FALSE,37.734947,-77.713135
generator-314184-B,ThermalStandard,6.4,3SHACKLE_314184,314184,PJM,FALSE,37.56,-76.821
generator-314236-A,ThermalStandard,6.2,6NRTHEST_314236,314236,PJM,FALSE,37.550941,-77.362393
generator-247619-1,ThermalStandard,6.08276253,Y1-049_247619,247619,PJM,FALSE,37.07,-80.72
generator-235447-1,ThermalStandard,5,01WINZ1-113_235447,235447,PJM,FALSE,39.14,-78.18
generator-314309-B,ThermalStandard,5,6IRON208_314309,314309,PJM,FALSE,37.38,-77.515
generator-314309-A,ThermalStandard,5,6IRON208_314309,314309,PJM,FALSE,37.38,-77.515
generator-314309-C,ThermalStandard,5,6IRON208_314309,314309,PJM,FALSE,37.38,-77.515
generator-314429-A2,ThermalStandard,4,3JTRSVLE_314429,314429,PJM,FALSE,37.28023,-78.11163
generator-314243-E,ThermalStandard,4,3PROV 92_314243,314243,PJM,FALSE,37.44009,-77.01646
generator-314229-A,ThermalStandard,4,6MT RD221_314229,314229,PJM,FALSE,37.670339,-77.521857
generator-314250-B,ThermalStandard,4,6ROCKVILLE_314250,314250,PJM,FALSE,37.734947,-77.713135
generator-314507-C,ThermalStandard,4,3THOMPSN_314507,314507,PJM,FALSE,36.812895,-76.193792
generator-313853-A,ThermalStandard,4,3PONTONDP_313853,313853,PJM,FALSE,37.295081,-77.986373
generator-314243-F,ThermalStandard,4,3PROV 92_314243,314243,PJM,FALSE,37.44009,-77.01646
generator-314243-D,ThermalStandard,4,3PROV 92_314243,314243,PJM,FALSE,37.44009,-77.01646
generator-314429-A1,ThermalStandard,4,3JTRSVLE_314429,314429,PJM,FALSE,37.28023,-78.11163
generator-314507-A,ThermalStandard,4,3THOMPSN_314507,314507,PJM,FALSE,36.812895,-76.193792
generator-314429-A4,ThermalStandard,4,3JTRSVLE_314429,314429,PJM,FALSE,37.28023,-78.11163
generator-314429-A3,ThermalStandard,4,3JTRSVLE_314429,314429,PJM,FALSE,37.28023,-78.11163
generator-314243-B,ThermalStandard,4,3PROV 92_314243,314243,PJM,FALSE,37.44009,-77.01646
generator-314243-A,ThermalStandard,4,3PROV 92_314243,314243,PJM,FALSE,37.44009,-77.01646
generator-314507-B,ThermalStandard,4,3THOMPSN_314507,314507,PJM,FALSE,36.812895,-76.193792
generator-314243-C,ThermalStandard,4,3PROV 92_314243,314243,PJM,FALSE,37.44009,-77.01646
generator-314134-A,ThermalStandard,3,6CRANES_314134,314134,PJM,FALSE,38.319,-77.481
generator-314314-B,ThermalStandard,3,3LOCKS_314314,314314,PJM,FALSE,37.221955,-77.443916
generator-237315-1,ThermalStandard,2,01FLF_U1-044_237315,237315,PJM,FALSE,39.11,-78.13
generator-314331-SA,ThermalStandard,0,6POE_314331,314331,PJM,FALSE,37.199972,-77.359135
NorthAnna_1,ThermalMultiStart,1069.415139,1N ANNA1_315225,315225,PJM,TRUE,38.06,-77.8
NorthAnna_2,ThermalMultiStart,1062.669869,1N ANNA2_315226,315226,PJM,TRUE,38.06,-77.8
Surry_1,ThermalMultiStart,928.9659197,1SURRY 1_315116,315116,PJM,TRUE,37.16,-76.7
Surry_2,ThermalMultiStart,906.8180964,1SURRY 2_315233,315233,PJM,TRUE,37.16,-76.7
generator-315065-6,ThermalMultiStart,708.6776559,1CHESTF6_315065,315065,PJM,FALSE,37.38,-77.39
generator-316136-1,ThermalMultiStart,664.6239538,AC1-107 G3_316136,316136,PJM,FALSE,37.44,-77.16
generator-316135-1,ThermalMultiStart,664.6239538,AC1-107 G2_316135,316135,PJM,FALSE,37.44,-77.16
generator-316134-1,ThermalMultiStart,664.6239538,AC1-107 G1_316134,316134,PJM,FALSE,37.44,-77.16
generator-246895-1,ThermalMultiStart,640.9486797,05VACITY_246895,246895,PJM,FALSE,37,-82.59
generator-315273-S1,ThermalMultiStart,577.2785983,1WARREN S1_315273,315273,PJM,FALSE,38.970786,-78.181179
generator-315105-S1,ThermalMultiStart,571.363072,1BRUNSWICKS1_315105,315105,PJM,FALSE,36.761312,-77.711494
generator-315154-2,ThermalMultiStart,459.6181241,1CLOVER2_315154,315154,PJM,FALSE,36.87,-78.71
Clover_1,ThermalMultiStart,447.9701441,1CLOVER1_315153,315153,PJM,TRUE,36.87,-78.71
generator-315241-G1,ThermalMultiStart,430.3591523,1Z1-086 GT1_315241,315241,PJM,TRUE,36.72,-77.66
generator-315243-G3,ThermalMultiStart,430.3591523,1Z1-086 GT3_315243,315243,PJM,TRUE,36.72,-77.66
generator-315242-G2,ThermalMultiStart,430.3591523,1Z1-086 GT2_315242,315242,PJM,TRUE,36.72,-77.66
generator-315219-D,ThermalMultiStart,425.2084783,1CUNINGD_315219,315219,PJM,FALSE,37.87,-78.37
generator-315060-5,ThermalMultiStart,371.752727,1CHESTF5_315060,315060,PJM,FALSE,37.38,-77.39
generator-316169-1,ThermalMultiStart,342.1669072,AC1-164 GEN_316169,316169,PJM,FALSE,37.44,-77.16
generator-315193-S1,ThermalMultiStart,317.6794768,1BEARGRDN S1_315193,315193,PJM,FALSE,37.71,-78.29
WarrenCounty_G1,ThermalMultiStart,306.8325439,1WARREN G1_315270,315270,PJM,TRUE,38.970786,-78.181179
generator-315272-G3,ThermalMultiStart,301.1332097,1WARREN G3_315272,315272,PJM,FALSE,38.970786,-78.181179
generator-315271-G2,ThermalMultiStart,296.4004217,1WARREN G2_315271,315271,PJM,FALSE,38.97,-78.18
generator-315103-G2,ThermalMultiStart,276.2304292,1BRUNSWICKG2_315103,315103,PJM,FALSE,36.761312,-77.711494
BrunswickCountyPowerStation_G1,ThermalMultiStart,275.2180953,1BRUNSWICKG1_315102,315102,PJM,TRUE,36.761312,-77.711494
generator-315104-G3,ThermalMultiStart,275.0454508,1BRUNSWICKG3_315104,315104,PJM,FALSE,36.761312,-77.711494
generator-315211-1A,ThermalMultiStart,261.8472837,1X4-039 GT1_315211,315211,PJM,TRUE,39.07,-77.54
generator-315212-1B,ThermalMultiStart,261.8472837,1X4-039 GT2_315212,315212,PJM,TRUE,39.07,-77.54
generator-315010-6S,ThermalMultiStart,258.0716955,1POSSM6S_315010,315010,PJM,FALSE,38.54,-77.28
generator-315033-A,ThermalMultiStart,241.5397276,1BIRCHWDA_315033,315033,PJM,FALSE,38.27,-77.32
generator-315192-G2,ThermalMultiStart,200.2023976,1BEARGRDN G2_315192,315192,PJM,FALSE,37.71,-78.29
BearGarden_G1,ThermalMultiStart,192.8989373,1BEARGRDN G1_315191,315191,PJM,TRUE,37.71,-78.29
generator-315217-B,ThermalMultiStart,185.5512059,1CUNINGB_315217,315217,PJM,FALSE,37.87,-78.37
TenaskaVirginiaGeneratingStation_A,ThermalMultiStart,185.5512059,1CUNINGA_315216,315216,PJM,TRUE,37.87,-78.37
generator-315218-C,ThermalMultiStart,185.0547216,1CUNINGC_315218,315218,PJM,FALSE,37.87,-78.37
generator-315050-G,ThermalMultiStart,179.0487085,1FOURRIVERG_315050,315050,PJM,TRUE,37.94,-77.45
generator-315008-6A,ThermalMultiStart,165.4236984,1POSSM6A_315008,315008,PJM,FALSE,38.54,-77.28
generator-315009-6B,ThermalMultiStart,164.9105515,1POSSM6B_315009,315009,PJM,FALSE,38.54,-77.28
generator-315061-G7,ThermalMultiStart,146.3849719,1CHESTG7_315061,315061,PJM,FALSE,37.381775,-77.387494
generator-315063-G8,ThermalMultiStart,139.0820262,1CHESTG8_315063,315063,PJM,FALSE,37.381775,-77.387494
generator-315048-F,ThermalMultiStart,137.9565511,1FOUR RIVERF_315048,315048,PJM,FALSE,37.94,-77.45
generator-315045-C,ThermalMultiStart,137.9565511,1FOUR RIVERC_315045,315045,PJM,FALSE,37.94,-77.45
generator-242901-2H,ThermalMultiStart,137.1065793,05CRG2H_242901,242901,PJM,FALSE,36.93,-82.2
generator-315080-S,ThermalMultiStart,136.6930869,1HOPHCF4_315080,315080,PJM,FALSE,37.29,-77.28
generator-242899-1H,ThermalMultiStart,136.1883141,05CRG1H_242899,242899,PJM,FALSE,36.93,-82.2
generator-242902-2L,ThermalMultiStart,125.3694141,05CRG2L_242902,242902,PJM,FALSE,36.93,-82.2
generator-242900-1L,ThermalMultiStart,123.6082926,05CRG1L_242900,242900,PJM,FALSE,36.93,-82.2
generator-315084-B,ThermalMultiStart,63.23796328,1SPRUNCB_315084,315084,PJM,FALSE,37.45,-77.43
generator-315083-A,ThermalMultiStart,63.23796328,1SPRUNCA_315083,315083,PJM,FALSE,37.45,-77.43
generator-270197-1,RenewableDispatch,346.2887604,AC1-083 GEN_270197,270197,PJM,TRUE,36.94,-79.5
generator-316294-S1,RenewableDispatch,283.019434,AC1-161 GEN_316294,316294,PJM,TRUE,37.01,-76.74
generator-316045-S1,RenewableDispatch,182.9661009,AC1-158 C2_316045,316045,PJM,TRUE,38.25,-77.78
generator-316044-S1,RenewableDispatch,182.9661009,AC1-158 C1_316044,316044,PJM,TRUE,38.25,-77.78
generator-316132-1,RenewableDispatch,165.3606967,AB2-190 C_316132,316132,PJM,TRUE,37.16,-76.7
generator-316033-S1,RenewableDispatch,158.9025488,AB2-134 GEN_316033,316033,PJM,TRUE,37.16,-76.7
generator-316375-1,RenewableDispatch,151.54,AC2-012 GEN_316375,316375,PJM,TRUE,36.7,-76.25
generator-316369-1,RenewableDispatch,105.4293266,AC1-216 GEN_316369,316369,PJM,TRUE,37.16,-76.7
generator-316257-1,RenewableDispatch,105.3043209,AC1-043 C_316257,316257,PJM,TRUE,38.44,-77.82
generator-316336-1,RenewableDispatch,104.344732,AC2-165 C_316336,316336,PJM,TRUE,37.62,-78.15
generator-246193-Z2,RenewableDispatch,100,05OPOSUMC_C2_246193,246193,PJM,TRUE,37.37,-79.11
generator-246186-Z1,RenewableDispatch,100,05OPOSUMC_C1_246186,246186,PJM,TRUE,37.37,-79.11
generator-316103-1,RenewableDispatch,99.61789799,AB2-015 GEN_316103,316103,PJM,TRUE,36.68,-76.95
generator-316192-1,RenewableDispatch,92.87653094,AB2-158 GEN_316192,316192,PJM,TRUE,38.12,-78.22
generator-316311-S1,RenewableDispatch,89.4736377,AC2-079 GEN_316311,316311,PJM,TRUE,36.73,-76.63
generator-316334-1,RenewableDispatch,87.59566199,AE1-084 C_316334,316334,PJM,TRUE,38.02,-79.05
generator-316181-1,RenewableDispatch,85.39076414,AB2-040 GEN_316181,316181,PJM,TRUE,36.62,-77.79
generator-316087-1,RenewableDispatch,84.20904999,AB2-174 GEN_316087,316087,PJM,TRUE,36.69,-77.56
generator-270173-1,RenewableDispatch,82.61592235,AC1-122 GEN_270173,270173,PJM,TRUE,37.33,-79.16
generator-270214-1,RenewableDispatch,78.94661804,AC2-123 GEN_270214,270214,PJM,TRUE,36.88,-80.82
generator-315616-W1,RenewableDispatch,76.6,AA1-038_C_315616,315616,PJM,TRUE,37.87,-79.42
generator-316185-S1,RenewableDispatch,75.60207405,AD1-033 GEN_316185,316185,PJM,TRUE,36.69,-76.19
generator-316381-1,RenewableDispatch,74.00109526,AD1-082 GEN_316381,316381,PJM,TRUE,36.91,-76.91
generator-270111-W1,RenewableDispatch,72.18394905,Y1-006 GEN_270111,270111,PJM,TRUE,36.82045119,-80.95254498
generator-316129-1,RenewableDispatch,71.05585409,AC1-054 GEN_316129,316129,PJM,TRUE,36.58,-77.84
generator-316254-1,RenewableDispatch,67.50185183,AC1-120 GEN1_316254,316254,PJM,TRUE,38.41,-77.98
generator-316003-S1,RenewableDispatch,67.2496394,AC1-222 GEN_316003,316003,PJM,TRUE,36.721427,-77.655865
generator-316267-1,RenewableDispatch,66.91225598,AC1-143 GEN_316267,316267,PJM,TRUE,38.44,-77.82
generator-316164-1,RenewableDispatch,66.66324325,AC1-076 GEN_316164,316164,PJM,TRUE,38.29,-77.86
generator-316201-1,RenewableDispatch,55.00007978,AC1-065 GEN_316201,316201,PJM,TRUE,37.56,-76.82
generator-316349-1,RenewableDispatch,54.9988309,AD2-085 GEN_316349,316349,PJM,TRUE,36.82,-76.78
generator-316083-1,RenewableDispatch,54.40994211,AB2-161 GEN_316083,316083,PJM,TRUE,36.91,-76.91
generator-316280-1,RenewableDispatch,50.65,AD1-041 GEN_316280,316280,PJM,TRUE,37.56,-76.82
generator-316217-1,RenewableDispatch,50,AC1-145 GEN_316217,316217,PJM,TRUE,36.81,-79.39
generator-313506-1,RenewableDispatch,40.92496984,AB1-173 C OP_313506,313506,PJM,TRUE,36.62,-77.79
generator-313053-A,RenewableDispatch,38.60051813,6PAPERMILL_313053,313053,PJM,TRUE,37.54,-76.8
generator-315608-SA,RenewableDispatch,38,3AA2-088SOLA_315608,315608,PJM,TRUE,36.61,-77.17
generator-316096-1,RenewableDispatch,37.34742428,AB2-100 C1_316096,316096,PJM,TRUE,36.72,-77.59
generator-316098-1,RenewableDispatch,37.34742428,AB2-100 C2_316098,316098,PJM,TRUE,36.72,-77.59
generator-316170-S1,RenewableDispatch,24.30822906,AC1-121 GEN2_316170,316170,PJM,TRUE,38.41,-77.98
generator-237092-1,RenewableDispatch,22.36067977,AD1-085 GEN_237092,237092,PJM,TRUE,38.56,-78.63
generator-316236-1,RenewableDispatch,21.06086418,AE1-162_GEN_316236,316236,PJM,TRUE,36.96,-76.67
generator-316242-1,RenewableDispatch,21.06086418,AE2-079 C_316242,316242,PJM,TRUE,37.08,-76.7
generator-316247-1,RenewableDispatch,21.06086418,AF1-033 C_316247,316247,PJM,TRUE,37.08,-76.7
generator-316382-1,RenewableDispatch,21.06086418,AG1-145 C_316382,316382,PJM,TRUE,37.33,-76.76
generator-316241-1,RenewableDispatch,21.06086418,AE2-078 C_316241,316241,PJM,TRUE,37.08,-76.7
generator-316305-S1,RenewableDispatch,21.06086418,AF2-043 C_316305,316305,PJM,TRUE,36.71,-76.58
generator-316036-S1,RenewableDispatch,20.42765195,AC1-147 C_316036,316036,PJM,TRUE,36.71,-76.33
generator-316006-S1,RenewableDispatch,20.20516459,AB2-029 C_316006,316006,PJM,TRUE,36.72,-77.66
generator-233901-S1,RenewableDispatch,20,CHERRYDALE C_233901,233901,PJM,TRUE,37.32,-75.94
generator-232406-1,RenewableDispatch,20,W1-004 FULL_232406,232406,PJM,TRUE,37.95,-75.57
generator-316313-S1,RenewableDispatch,20,AB2-026_316313,316313,PJM,TRUE,37.62,-78.15
generator-316258-S1,RenewableDispatch,18.43757167,AE1-075 C_316258,316258,PJM,TRUE,37.62,-78.15
generator-316316-S1,RenewableDispatch,17.98389324,AC1-027 C_316316,316316,PJM,TRUE,36.79,-76
generator-314241-S1,RenewableDispatch,17.37637502,6OLDCHRC_314241,314241,PJM,TRUE,37.63431,-77.25117
generator-316152-1,RenewableDispatch,16.53277838,AE1-098 GEN_316152,316152,PJM,TRUE,38.62,-78.69
generator-316154-1,RenewableDispatch,16.53277838,AE1-099 GEN_316154,316154,PJM,TRUE,38.62,-78.69
generator-316246-1,RenewableDispatch,15.79564813,AF1-032 C_316246,316246,PJM,TRUE,36.71,-76.58
generator-316072-1,RenewableDispatch,15.79564813,AD1-144_316072,316072,PJM,TRUE,36.8,-76.6
generator-316059-1,RenewableDispatch,15.29120335,AD1-063 C_316059,316059,PJM,TRUE,37.58,-76.49
generator-316034-1,RenewableDispatch,15.11747866,AC1-036 C_316034,316034,PJM,TRUE,37.09,-78.59
generator-316159-1,RenewableDispatch,14.00547468,AE1-175 C_316159,316159,PJM,TRUE,37.33,-76.76
generator-316322-S1,RenewableDispatch,13.5,AB2-045_316322,316322,PJM,TRUE,37.61,-78.57
generator-232404-1,RenewableDispatch,13.36,W1-003 C_232404,232404,PJM,TRUE,37.95,-75.57
generator-232410-1,RenewableDispatch,13.36,W1-006 C_232410,232410,PJM,TRUE,37.95,-75.57
generator-232408-1,RenewableDispatch,13.36,W1-005 C_232408,232408,PJM,TRUE,37.95,-75.57
generator-316035-1,RenewableDispatch,12.5958565,AC1-116 C_316035,316035,PJM,TRUE,37.87,-78.52
generator-314295-WA,RenewableDispatch,12,6BIRDNECK_314295,314295,PJM,TRUE,36.790386,-75.998417
generator-237077-S1,RenewableDispatch,10.16498775,AC2-174 C_237077,237077,PJM,TRUE,39.06,-78.14
generator-235464-1,RenewableDispatch,10,01DTGZ2-030_235464,235464,PJM,TRUE,39.06,-78.14
generator-316300-S1,RenewableDispatch,7.508229418,AF2-400 C_316300,316300,PJM,TRUE,36.68,-76.95
generator-316160-1,RenewableDispatch,6.950085179,AE1-175 E_316160,316160,PJM,TRUE,37.33,-76.76
generator-314541-A,RenewableDispatch,4,3WATKINS_314541,314541,PJM,TRUE,36.659638,-76.943422
generator-314572-A,RenewableDispatch,2.5,3EMPORIA_314572,314572,PJM,TRUE,36.6928,-77.5578
generator-314798-SA,RenewableDispatch,0,3MERCK5_314798,314798,PJM,FALSE,38.382951,-78.646959
generator-314333-SA,RenewableDispatch,0,6POWHATN_314333,314333,PJM,FALSE,37.617,-78.146
generator-314187-SA,RenewableDispatch,0,3WAN 176_314187,314187,PJM,FALSE,37.458441,-76.535034
generator-314294-SA,RenewableDispatch,0,6ENON_314294,314294,PJM,FALSE,37.33795,-77.29871
generator-314176-SA,RenewableDispatch,0,6HARMONY_314176,314176,PJM,FALSE,37.5823,-76.48575
generator-314435-SA,RenewableDispatch,0,6SAPONY_314435,314435,PJM,FALSE,36.94482,-77.476683
generator-314172-SA,RenewableDispatch,0,6DUNNSVL_314172,314172,PJM,FALSE,37.85322,-76.81316
generator-314142-SA,RenewableDispatch,0,6STAFORD_314142,314142,PJM,FALSE,38.5,-77.4
generator-313826-SB,RenewableDispatch,0,6HYDRAULIC_313826,313826,PJM,FALSE,38.05843829,-78.49145341
generator-314190-SA,RenewableDispatch,0,6WESTMOR_314190,314190,PJM,FALSE,38.08111334,-76.84379214
generator-314550-SB,RenewableDispatch,0,6HICKORY_314550,314550,PJM,FALSE,36.643545,-76.236686
generator-313812-SA,RenewableDispatch,0,6ROCKLANDING_313812,313812,PJM,FALSE,37.093429,-76.46437
generator-314491-SA,RenewableDispatch,0,3PENDLTN_314491,314491,PJM,FALSE,36.790386,-75.998417
generator-314550-SA,RenewableDispatch,0,6HICKORY_314550,314550,PJM,FALSE,36.643545,-76.236686
generator-314294-SB,RenewableDispatch,0,6ENON_314294,314294,PJM,FALSE,37.33795,-77.29871
generator-314241-SC,RenewableDispatch,0,6OLDCHRC_314241,314241,PJM,FALSE,37.63431,-77.25117
generator-313826-SA,RenewableDispatch,0,6HYDRAULIC_313826,313826,PJM,FALSE,38.05843829,-78.49145341
generator-314487-SA,RenewableDispatch,0,3MCLAUGH_314487,314487,PJM,FALSE,36.874267,-76.299011
generator-314533-SA,RenewableDispatch,0,6SMITFLD_314533,314533,PJM,FALSE,36.95921462,-76.66994675
generator-314677-SA,RenewableDispatch,0,6BUCKING_314677,314677,PJM,FALSE,37.606,-78.565
generator-314375-SA,RenewableDispatch,0,6CORRCTN_314375,314375,PJM,FALSE,37.43,-77.053
generator-314713-SA,RenewableDispatch,0,3PAMPLIN_314713,314713,PJM,FALSE,37.254752,-78.67936
generator-314525-SA,RenewableDispatch,0,6KINGFORK_314525,314525,PJM,FALSE,36.799931,-76.600476
generator-314078-SA,RenewableDispatch,0,3REMNGTN_314078,314078,PJM,FALSE,38.539529,-77.777576
generator-313821-SA,RenewableDispatch,0,6PACIFIC_313821,313821,PJM,FALSE,38.99617162,-77.43961348
generator-314722-SA,RenewableDispatch,0,3TWITTYS_314722,314722,PJM,FALSE,37.09437,-78.59321
generator-314766-SA,RenewableDispatch,0,6LOUISA_314766,314766,PJM,FALSE,38.11758585,-78.21584096
generator-314222-SA,RenewableDispatch,0,6HANOVER_314222,314222,PJM,FALSE,37.824,-77.452
generator-314241-SA,RenewableDispatch,0,6OLDCHRC_314241,314241,PJM,FALSE,37.63431,-77.25117
generator-314453-SA,RenewableDispatch,0,6CHRHLND_314453,314453,PJM,FALSE,36.871134,-76.377037
generator-314333-SB,RenewableDispatch,0,6POWHATN_314333,314333,PJM,FALSE,37.617,-78.146
generator-314213-SA,RenewableDispatch,0,3CARVER_314213,314213,PJM,FALSE,37.555729,-77.448388
generator-314241-SB,RenewableDispatch,0,6OLDCHRC_314241,314241,PJM,FALSE,37.63431,-77.25117
BathCounty_2_2,HydroPumpedStorage,512.8382201,1BATH 2B_315202,315202,PJM,TRUE,38.21,-79.8
BathCounty_6_2,HydroPumpedStorage,512.1035052,1BATH 6F_315206,315206,PJM,TRUE,38.21,-79.8
BathCounty_4_1,HydroPumpedStorage,511.4538102,1BATH 4D_315204,315204,PJM,TRUE,38.21,-79.8
BathCounty_5_1,HydroPumpedStorage,511.2846565,1BATH 5E_315205,315205,PJM,TRUE,38.21,-79.8
BathCounty_3_1,HydroPumpedStorage,510.9192108,1BATH 3C_315203,315203,PJM,TRUE,38.21,-79.8
BathCounty_1_2,HydroPumpedStorage,510.1229656,1BATH 1A_315201,315201,PJM,TRUE,38.21,-79.8
BathCounty_3_2,HydroPumpedStorage,325,1BATH 3C_315203,315203,PJM,TRUE,38.21,-79.8
BathCounty_2_1,HydroPumpedStorage,323.4826116,1BATH 2B_315202,315202,PJM,TRUE,38.21,-79.8
BathCounty_1_1,HydroPumpedStorage,318.1760519,1BATH 1A_315201,315201,PJM,TRUE,38.21,-79.8
BathCounty_5_2,HydroPumpedStorage,318.1760519,1BATH 5E_315205,315205,PJM,TRUE,38.21,-79.8
BathCounty_4_2,HydroPumpedStorage,317.8443015,1BATH 4D_315204,315204,PJM,TRUE,38.21,-79.8
BathCounty_6_1,HydroPumpedStorage,317.515354,1BATH 6F_315206,315206,PJM,TRUE,38.21,-79.8
SmithMountain_3,HydroPumpedStorage,126.5306287,05SMG3_246845,246845,PJM,TRUE,37.04,-79.53
SmithMountain_5,HydroPumpedStorage,79.12016178,05SMG5_246847,246847,PJM,TRUE,37.04,-79.53
SmithMountain_1,HydroPumpedStorage,74.04052944,05SMG1_246843,246843,PJM,TRUE,37.04,-79.53
generator-244165-1,HydroPumpedStorage,5.2,05FRIES_244165,244165,PJM,TRUE,36.71536984,-80.98807258
SmithMountain_4,HydroDispatch,200.1724257,05SMG4_246846,246846,PJM,TRUE,37.04,-79.53
SmithMountain_2,HydroDispatch,198.1766888,05SMG2_246844,246844,PJM,TRUE,37.04,-79.53
JohnHKerr_2,HydroDispatch,57.7754273,1KERR  2_315159,315159,PJM,TRUE,36.6,-78.3
JohnHKerr_4,HydroDispatch,57.04244034,1KERR  4_315161,315161,PJM,TRUE,36.6,-78.3
JohnHKerr_6,HydroDispatch,57.04244034,1KERR  6_315163,315163,PJM,TRUE,36.6,-78.3
JohnHKerr_7,HydroDispatch,57.04244034,1KERR  7_315164,315164,PJM,TRUE,36.6,-78.3
JohnHKerr_3,HydroDispatch,57.04244034,1KERR  3_315160,315160,PJM,TRUE,36.6,-78.3
JohnHKerr_5,HydroDispatch,57.04244034,1KERR  5_315162,315162,PJM,TRUE,36.6,-78.3
Leesville_1_2,HydroDispatch,29.15475947,05LEESVG_247284,247284,PJM,TRUE,37.09,-79.4
Leesville_1_1,HydroDispatch,29.06905571,05LEESVG_247284,247284,PJM,TRUE,37.09,-79.4
generator-244160-1,HydroDispatch,24,05BYLLESBY_244160,244160,PJM,TRUE,36.84,-80.97
Claytor_1_1,HydroDispatch,21.06679852,05CLAY-1_242906,242906,PJM,TRUE,37.07,-80.58
Claytor_3_2,HydroDispatch,20.53874388,05CLAY-2_242907,242907,PJM,TRUE,37.07,-80.58
Claytor_3_1,HydroDispatch,19.43733521,05CLAY-2_242907,242907,PJM,TRUE,37.07,-80.58
Claytor_1_2,HydroDispatch,19.17706964,05CLAY-1_242906,242906,PJM,TRUE,37.07,-80.58
JohnHKerr_1,HydroDispatch,15.13274595,1KERR  1_315158,315158,PJM,TRUE,36.6,-78.3
generator-247723-1,HydroDispatch,15,05PHILPOTT_247723,247723,PJM,TRUE,36.78,-80.04
generator-244012-1,HydroDispatch,11,05PINNACLE_244012,244012,PJM,TRUE,36.65,-79.43
generator-244159-1,HydroDispatch,9.7,05BUCK_244159,244159,PJM,TRUE,36.84,-80.97
generator-313738-A,HydroDispatch,5.5,3CUSHAW_313738,313738,PJM,TRUE,37.59,-79.38
generator-242889-H1,HydroDispatch,4,05REUSENS_242889,242889,PJM,TRUE,37.46,-79.19
generator-270205-1,HydroDispatch,2.662161528,AE1-176_270205,270205,PJM,TRUE,37.25,-79.92
generator-235039-1,HydroDispatch,1.6,01LHY_Z2-039_235039,235039,PJM,TRUE,38.67,-78.45
generator-235035-1,HydroDispatch,1.4,01NHY_Z2-039_235035,235035,PJM,TRUE,38.56,-78.63
generator-235034-1,HydroDispatch,0.9,01SHY_Z2-039_235034,235034,PJM,TRUE,38.56,-78.63
generator-235033-1,HydroDispatch,0.7,01WHY_Z2-039_235033,235033,PJM,TRUE,38.98,-78.19
