plant,generator ID,technology,energy_source,prime_mover,lat,lon,nameplate_capacity,ba,EI gen,EI Bus,Capacity Change,Generator Add,Generator twin,prime_mover,energy_source ,,,
Clinch River,1,Natural Gas Steam Turbine,NG,ST,36.9333,-82.1997,237.5,PJM,generator-242901-2H,242899,59.375,no,no,ST,NG,,,
Clinch River,2,Natural Gas Steam Turbine,NG,ST,36.9333,-82.1997,237.5,PJM,generator-242899-1H,242900,59.375,no,no,ST,NG,,,
Clinch River,,,,,36.9333,-82.1997,0,,generator-242902-2L,,,,,,,,,
Clinch River,,,,,36.9333,-82.1997,0,,generator-242900-1L,,,,,,,,,
Bayview,BAYV,Petroleum Liquids,DFO,IC,37.2717,-75.9682,2,PJM,generator-232905-1,232905,12,no,no,IC,DFO,,,
Bayview,BYV2,Petroleum Liquids,DFO,IC,37.2717,-75.9682,2,PJM,,,,no,no,IC,DFO,,,
Bayview,BYV3,Petroleum Liquids,DFO,IC,37.2717,-75.9682,2,PJM,,,,no,no,IC,DFO,,,
Bayview,BYV4,Petroleum Liquids,DFO,IC,37.2717,-75.9682,2,PJM,,,,no,no,IC,DFO,,,
Bayview,BYV5,Petroleum Liquids,DFO,IC,37.2717,-75.9682,2,PJM,,,,no,no,IC,DFO,,,
Bayview,BYV6,Petroleum Liquids,DFO,IC,37.2717,-75.9682,2,PJM,,,,no,no,IC,DFO,,,
Tasley,TAS,Petroleum Liquids,DFO,GT,37.7061,-75.7031,27,PJM,generator-232921-1,232921,27,no,no,GT,DFO,,,
Chesterfield,CT7,Natural Gas Fired Combined Cycle,NG,CT,37.3822,-77.3833,145,PJM,generator-315061-G7,315061,145,no,no,CT,NG,,,
Chesterfield,CT8,Natural Gas Fired Combined Cycle,NG,CT,37.3822,-77.3833,148,PJM,generator-315063-G8,315063,148,no,no,CT,NG,,,
Chesterfield,CW7,Natural Gas Fired Combined Cycle,NG,CA,37.3822,-77.3833,74.4,PJM,generator-315062-S7,315062,74.4,no,no,CA,NG,,,
Chesterfield,CW8,Natural Gas Fired Combined Cycle,NG,CA,37.3822,-77.3833,79.2,PJM,generator-315064-S8,315064,79.2,no,no,CA,NG,,,
Low Moor,GT1,Petroleum Liquids,DFO,GT,37.777,-79.892,20.7,PJM,generator-315186-A,315186,20.7,no,no,GT,DFO,,,
Low Moor,GT2,Petroleum Liquids,DFO,GT,37.777,-79.892,20.7,PJM,generator-315186-B,315186,20.7,no,no,GT,DFO,,,
Low Moor,GT3,Petroleum Liquids,DFO,GT,37.777,-79.892,20.7,PJM,generator-315188-C,315188,20.7,no,no,GT,DFO,,,
Low Moor,GT4,Petroleum Liquids,DFO,GT,37.777,-79.892,20.7,PJM,generator-315188-D,315188,20.7,no,no,GT,DFO,,,
Northern Neck,GT1,Petroleum Liquids,DFO,GT,37.95,-76.711,20.7,PJM,generator-315034-A,315034,20.7,no,no,GT,DFO,,,
Northern Neck,GT2,Petroleum Liquids,DFO,GT,37.95,-76.711,20.7,PJM,generator-315034-B,315034,20.7,no,no,GT,DFO,,,
Northern Neck,GT3,Petroleum Liquids,DFO,GT,37.95,-76.711,20.7,PJM,generator-315035-C,315035,20.7,no,no,GT,DFO,,,
Northern Neck,GT4,Petroleum Liquids,DFO,GT,37.95,-76.711,20.7,PJM,generator-315035-D,315035,20.7,no,no,GT,DFO,,,
Chesapeake,6,Petroleum Liquids,DFO,GT,36.7711,-76.3019,16.3,PJM,generator-315098-A,315098,16.3,no,no,GT,DFO,,,
Chesapeake,GT1,Petroleum Liquids,DFO,GT,36.7711,-76.3019,18.5,PJM,generator-315099-D,315099,18.5,no,no,GT,DFO,,,
Chesapeake,GT4,Petroleum Liquids,DFO,GT,36.7711,-76.3019,16.3,PJM,generator-315099-F,315099,16.3,no,no,GT,DFO,,,
Possum Point,6A,Natural Gas Fired Combined Cycle,NG,CT,38.5367,-77.2806,174,PJM,generator-315007-5,315007,174,no,no,CT,NG,,,
Possum Point,6B,Natural Gas Fired Combined Cycle,NG,CT,38.5367,-77.2806,174,PJM,generator-315008-6A,315008,174,no,no,CT,NG,,,
Possum Point,6ST,Natural Gas Fired Combined Cycle,NG,CA,38.5367,-77.2806,265,PJM,generator-315009-6B,315009,265,no,no,CA,NG,,,
Possum Point,GT1,Petroleum Liquids,DFO,GT,38.5367,-77.2806,16,PJM,generator-315010-6S,315010,16,no,no,GT,DFO,,,
Possum Point,GT2,Petroleum Liquids,DFO,GT,38.5367,-77.2806,16,PJM,generator-315015-A,315015,16,no,no,GT,DFO,,,
Possum Point,GT3,Petroleum Liquids,DFO,GT,38.5367,-77.2806,16,PJM,generator-315015-B,315015,16,no,no,GT,DFO,,,
Possum Point,GT4,Petroleum Liquids,DFO,GT,38.5367,-77.2806,16,PJM,generator-315015-C,315015,16,no,no,GT,DFO,,,
Possum Point,GT5,Petroleum Liquids,DFO,GT,38.5367,-77.2806,16,PJM,generator-315018-D,315018,16,no,no,GT,DFO,,,
Possum Point,GT6,Petroleum Liquids,DFO,GT,38.5367,-77.2806,16,PJM,generator-315018-E,315018,16,no,no,GT,DFO,,,
,,,,,,,,,generator-315018-F,315018,,no,no,,,,,
Surry,1,Nuclear,NUC,ST,37.1661,-76.6986,847.5,PJM,Surry_1,315116,847.5,no,no,ST,NUC,,,
Surry,2,Nuclear,NUC,ST,37.1661,-76.6986,847.5,PJM,Surry_2,315233,847.5,no,no,ST,NUC,,,
North Anna,1,Nuclear,NUC,ST,38.06,-77.7897,979.7,PJM,NorthAnna_1,315225,979.7,no,no,ST,NUC,,,
North Anna,2,Nuclear,NUC,ST,38.06,-77.7897,979.7,PJM,NorthAnna_2,315226,979.7,no,no,ST,NUC,,,
Tangier,5,Petroleum Liquids,DFO,IC,37.8277,-75.9915,1.2,PJM,,,1.2,yes,no,IC,DFO,,,
Tangier,6,Petroleum Liquids,DFO,IC,37.8277,-75.9915,1.2,PJM,,,1.2,yes,no,IC,DFO,,,
Gravel Neck,1,Petroleum Liquids,DFO,GT,37.1575,-76.6911,16.3,PJM,generator-315119-3,315119,16.3,no,no,GT,DFO,,,
Gravel Neck,2,Petroleum Liquids,DFO,GT,37.1575,-76.6911,23.8,PJM,generator-315120-4,315120,23.8,no,no,GT,DFO,,,
Gravel Neck,3,Natural Gas Fired Combustion Turbine,NG,GT,37.1575,-76.6911,91.9,PJM,generator-315121-5,315121,91.9,no,no,GT,NG,,,
Gravel Neck,4,Natural Gas Fired Combustion Turbine,NG,GT,37.1575,-76.6911,91.9,PJM,generator-315122-6,315122,91.9,no,no,GT,NG,,,
Gravel Neck,5,Natural Gas Fired Combustion Turbine,NG,GT,37.1575,-76.6911,91.9,PJM,generator-315117-1,315117,91.9,no,no,GT,NG,,,
Gravel Neck,6,Natural Gas Fired Combustion Turbine,NG,GT,37.1575,-76.6911,91.9,PJM,generator-315117-2,315117,91.9,no,no,GT,NG,,,
Darbytown,1,Natural Gas Fired Combustion Turbine,NG,GT,37.498223,-77.36854,92.1,PJM,generator-315067-1,315067,92.1,no,no,GT,NG,,,
Darbytown,2,Natural Gas Fired Combustion Turbine,NG,GT,37.498223,-77.36854,92.1,PJM,generator-315068-2,315068,92.1,no,no,GT,NG,,,
Darbytown,3,Natural Gas Fired Combustion Turbine,NG,GT,37.498223,-77.36854,92.1,PJM,generator-315069-3,315069,92.1,no,no,GT,NG,,,
Darbytown,4,Natural Gas Fired Combustion Turbine,NG,GT,37.498223,-77.36854,92.1,PJM,Darbytown_4,315070,92.1,no,no,GT,NG,,,
Clover,1,Conventional Steam Coal,BIT,ST,36.869,-78.704,424,PJM,Clover_1,315153,424,no,no,ST,BIT,,,
Clover,2,Conventional Steam Coal,BIT,ST,36.869,-78.704,424,PJM,generator-315154-2,315154,424,no,no,ST,BIT,,,
Church Street Plant,C3A,Petroleum Liquids,DFO,IC,38.752347,-77.46292,1.1,PJM,,,1.1,yes,no,IC,DFO,,,
Church Street Plant,C5,Petroleum Liquids,DFO,IC,38.752347,-77.46292,1.6,PJM,,,1.6,yes,no,IC,DFO,,,
Church Street Plant,C6,Petroleum Liquids,DFO,IC,38.752347,-77.46292,1.6,PJM,,,1.6,yes,no,IC,DFO,,,
Godwin Drive Plant,C10,Petroleum Liquids,DFO,IC,38.74054,-77.50806,1.5,PJM,,,1.5,yes,no,IC,DFO,,,
Godwin Drive Plant,C7,Petroleum Liquids,DFO,IC,38.74054,-77.50806,1.6,PJM,,,1.6,yes,no,IC,DFO,,,
Godwin Drive Plant,C8,Petroleum Liquids,DFO,IC,38.74054,-77.50806,1.6,PJM,,,1.6,yes,no,IC,DFO,,,
Godwin Drive Plant,C9,Petroleum Liquids,DFO,IC,38.74054,-77.50806,1.6,PJM,,,1.6,yes,no,IC,DFO,,,
VMEA 1 Credit Gen,V10,Petroleum Liquids,DFO,IC,38.74054,-77.50806,1.6,PJM,,,1.6,yes,no,IC,DFO,,,
VMEA 1 Credit Gen,V3,Petroleum Liquids,DFO,IC,38.74054,-77.50806,1.6,PJM,,,1.6,yes,no,IC,DFO,,,
VMEA 1 Credit Gen,V4,Petroleum Liquids,DFO,IC,38.74054,-77.50806,1.6,PJM,,,1.6,yes,no,IC,DFO,,,
VMEA 1 Credit Gen,V5,Petroleum Liquids,DFO,IC,38.74054,-77.50806,1.6,PJM,,,1.6,yes,no,IC,DFO,,,
VMEA 1 Credit Gen,V6,Petroleum Liquids,DFO,IC,38.74054,-77.50806,1.6,PJM,,,1.6,yes,no,IC,DFO,,,
VMEA 1 Credit Gen,V7,Petroleum Liquids,DFO,IC,38.74054,-77.50806,1.6,PJM,,,1.6,yes,no,IC,DFO,,,
VMEA 1 Credit Gen,V8,Petroleum Liquids,DFO,IC,38.74054,-77.50806,1.6,PJM,,,1.6,yes,no,IC,DFO,,,
VMEA 1 Credit Gen,V9-1,Petroleum Liquids,DFO,IC,38.74054,-77.50806,2,PJM,,,2,yes,no,IC,DFO,,,
VMEA Peaking Gen,V1,Petroleum Liquids,DFO,IC,38.74054,-77.50806,1.6,PJM,,,1.6,yes,no,IC,DFO,,,
VMEA Peaking Gen,V11,Petroleum Liquids,DFO,IC,38.74054,-77.50806,1.6,PJM,,,1.6,yes,no,IC,DFO,,,
VMEA Peaking Gen,V12,Petroleum Liquids,DFO,IC,38.74054,-77.50806,1.6,PJM,,,1.6,yes,no,IC,DFO,,,
VMEA Peaking Gen,V2,Petroleum Liquids,DFO,IC,38.74054,-77.50806,1.6,PJM,,,1.6,yes,no,IC,DFO,,,
Dominion/Lo Mar,DOM1,Petroleum Liquids,DFO,GT,38.7443,-77.4974,12,PJM,,,12,yes,no,GT,DFO,,,
Dominion/Lo Mar,DOM2,Petroleum Liquids,DFO,IC,38.7443,-77.4974,1.8,PJM,,,1.8,yes,no,IC,DFO,,,
Dominion/Lo Mar,LOM1,Petroleum Liquids,DFO,IC,38.7443,-77.4974,1.8,PJM,,,1.8,yes,no,IC,DFO,,,
Dominion/Lo Mar,LOM2,Petroleum Liquids,DFO,IC,38.7443,-77.4974,1.8,PJM,,,1.8,yes,no,IC,DFO,,,
Dominion/Lo Mar,LOM3,Petroleum Liquids,DFO,IC,38.7443,-77.4974,1.8,PJM,,,1.8,yes,no,IC,DFO,,,
Gateway Gen,1,Petroleum Liquids,DFO,IC,38.725278,-77.50972,1.8,PJM,,,1.8,yes,no,IC,DFO,,,
Gateway Gen,2,Petroleum Liquids,DFO,IC,38.725278,-77.50972,1.8,PJM,,,1.8,yes,no,IC,DFO,,,
Marsh Run Generation Facility,1,Natural Gas Fired Combustion Turbine,NG,GT,38.5283,-77.7681,198.9,PJM,MarshRunGenerationFacility_A,315028,198.9,no,no,GT,NG,,,
Marsh Run Generation Facility,2,Natural Gas Fired Combustion Turbine,NG,GT,38.5283,-77.7681,198.9,PJM,MarshRunGenerationFacility_B,315029,198.9,no,no,GT,NG,,,
Marsh Run Generation Facility,3,Natural Gas Fired Combustion Turbine,NG,GT,38.5283,-77.7681,198.9,PJM,MarshRunGenerationFacility_C,315030,198.9,no,no,GT,NG,,,
Louisa Generation Facility,1,Natural Gas Fired Combustion Turbine,NG,GT,38.1181,-78.2139,86.7,PJM,generator-315172-A,315172,86.7,no,no,GT,NG,,,
Louisa Generation Facility,2,Natural Gas Fired Combustion Turbine,NG,GT,38.1181,-78.2139,86.7,PJM,generator-315173-B,315173,86.7,no,no,GT,NG,,,
Louisa Generation Facility,3,Natural Gas Fired Combustion Turbine,NG,GT,38.1181,-78.2139,86.7,PJM,generator-315174-C,315174,86.7,no,no,GT,NG,,,
Louisa Generation Facility,4,Natural Gas Fired Combustion Turbine,NG,GT,38.1181,-78.2139,86.7,PJM,generator-315175-D,315175,86.7,no,no,GT,NG,,,
Louisa Generation Facility,5,Natural Gas Fired Combustion Turbine,NG,GT,38.1181,-78.2139,198.9,PJM,generator-315176-E,315176,198.9,no,no,GT,NG,,,
Remington,1,Natural Gas Fired Combustion Turbine,NG,GT,38.5442,-77.7714,178.5,PJM,Remington_1,315021,178.5,no,no,GT,NG,,,
Remington,2,Natural Gas Fired Combustion Turbine,NG,GT,38.5442,-77.7714,170,PJM,Remington_2,315022,170,no,no,GT,NG,,,
Remington,3,Natural Gas Fired Combustion Turbine,NG,GT,38.5442,-77.7714,178.5,PJM,Remington_3,315023,178.5,no,no,GT,NG,,,
Remington,4,Natural Gas Fired Combustion Turbine,NG,GT,38.5442,-77.7714,178.5,PJM,Remington_4,315024,178.5,no,no,GT,NG,,,
Ladysmith,1,Natural Gas Fired Combustion Turbine,NG,GT,38.0722,-77.5133,178.5,PJM,Ladysmith_1,315037,178.5,no,no,GT,NG,,,
Ladysmith,2,Natural Gas Fired Combustion Turbine,NG,GT,38.0722,-77.5133,178.5,PJM,Ladysmith_2,315038,178.5,no,no,GT,NG,,,
Ladysmith,3,Natural Gas Fired Combustion Turbine,NG,GT,38.0722,-77.5133,178.5,PJM,Ladysmith_3,315039,178.5,no,no,GT,NG,,,
Ladysmith,4,Natural Gas Fired Combustion Turbine,NG,GT,38.0722,-77.5133,178.5,PJM,Ladysmith_4,315040,178.5,no,no,GT,NG,,,
Ladysmith,5,Natural Gas Fired Combustion Turbine,NG,GT,38.0722,-77.5133,178.5,PJM,Ladysmith_5,315041,178.5,no,no,GT,NG,,,
Ponton Diesel Generating Facility,1,Petroleum Liquids,DFO,IC,37.2953,-77.9862,2,PJM,generator-313853-A,313853,4,no,no,IC,DFO,,,
Ponton Diesel Generating Facility,2,Petroleum Liquids,DFO,IC,37.2953,-77.9862,2,PJM,,,,no,no,IC,DFO,,,
Nottoway Diesel Generating Facility,1,Petroleum Liquids,DFO,IC,36.697222,-77.105,2,PJM,,,2,yes,no,IC,DFO,,,
Nottoway Diesel Generating Facility,2,Petroleum Liquids,DFO,IC,36.697222,-77.105,2,PJM,,,2,yes,no,IC,DFO,,,
WestRock-West Point Mill,GEN8,Wood/Wood Waste Biomass,BLQ,ST,37.5392,-76.8053,5,PJM,,,5,yes,no,ST,BLQ,,,
WestRock-West Point Mill,GEN9,Wood/Wood Waste Biomass,BLQ,ST,37.5392,-76.8053,10,PJM,,,10,yes,no,ST,BLQ,,,
WestRock-West Point Mill,GN10,Wood/Wood Waste Biomass,BLQ,ST,37.5392,-76.8053,25,PJM,,,25,yes,no,ST,BLQ,,,
WestRock-West Point Mill,GN11,Wood/Wood Waste Biomass,BLQ,ST,37.5392,-76.8053,15,PJM,,,15,yes,no,ST,BLQ,,,
WestRock-West Point Mill,GN12,Wood/Wood Waste Biomass,BLQ,ST,37.5392,-76.8053,46,PJM,,,46,yes,no,ST,BLQ,,,
Hopewell Cogeneration,GT1,Natural Gas Fired Combined Cycle,NG,CT,37.291667,-77.28111,101,PJM,HopewellCogeneration_G1,315077,101,no,no,CT,NG,,,
Hopewell Cogeneration,GT2,Natural Gas Fired Combined Cycle,NG,CT,37.291667,-77.28111,101,PJM,generator-315078-G2,315078,101,no,no,CT,NG,,,
Hopewell Cogeneration,GT3,Natural Gas Fired Combined Cycle,NG,CT,37.291667,-77.28111,101,PJM,generator-315079-G3,315079,101,no,no,CT,NG,,,
Hopewell Cogeneration,ST1,Natural Gas Fired Combined Cycle,NG,CA,37.291667,-77.28111,96,PJM,generator-315080-S,315080,96,no,no,CA,NG,,,
Hopewell Power Station,1,Wood/Wood Waste Biomass,WDS,ST,37.297834,-77.28298,71.1,PJM,generator-315076-C,315076,71.1,no,no,ST,WDS,,,
Altavista Power Station,1,Wood/Wood Waste Biomass,WDS,ST,37.118674,-79.27355,71.1,PJM,generator-315156-1,315156,71.1,no,no,ST,WDS,,,
Southampton Power Station,1,Wood/Wood Waste Biomass,WDS,ST,36.6525,-76.9953,71.1,PJM,generator-315115-1,315115,71.1,no,no,ST,WDS,,,
Park 500 Philip Morris USA,TG3,Natural Gas Steam Turbine,NG,ST,37.3389,-77.2806,13,PJM,,,13,yes,no,ST,NG,,,
Georgia-Pacific Big Island,GEN1,Wood/Wood Waste Biomass,WDS,ST,37.534,-79.357,7.5,PJM,,,7.5,yes,no,ST,WDS,,,
Covanta Fairfax Energy,GEN1,Municipal Solid Waste,MSW,ST,38.695,-77.2411,62,PJM,generator-315001-A,315001,62,,,ST,MSW,,,
Covanta Fairfax Energy,GEN2,Municipal Solid Waste,MSW,ST,38.695,-77.2411,62,PJM,generator-315002-B,315002,62,,,ST,MSW,,,
Covanta Alexandria/Arlington Energy,GEN1,Municipal Solid Waste,MSW,ST,38.8014,-77.1288,14.5,PJM,CovantaAlexandria/ArlingtonEnergy_A,314088,14.5,no,no,ST,MSW,,,
Covanta Alexandria/Arlington Energy,GEN2,Municipal Solid Waste,MSW,ST,38.8014,-77.1288,14.5,PJM,,314088,14.5,yes,CovantaAlexandria/ArlingtonEnergy_A,ST,MSW,,,
Hopewell Mill,GEN1,Wood/Wood Waste Biomass,BLQ,ST,37.2914,-77.2816,47.6,PJM,generator-315073-A,315073,47.6,no,no,ST,BLQ,,,
Covington Facility,GEN3,Conventional Steam Coal,BIT,ST,37.799722,-79.9947,10.5,PJM,,,10.5,yes,no,ST,BIT,,,
Covington Facility,GEN4,Wood/Wood Waste Biomass,BLQ,ST,37.799722,-79.9947,34,PJM,,,34,yes,no,ST,BLQ,,,
Covington Facility,GEN5,Conventional Steam Coal,BIT,ST,37.799722,-79.9947,34,PJM,,,34,yes,no,ST,BIT,,,
Covington Facility,GEN7,Wood/Wood Waste Biomass,WDS,ST,37.799722,-79.9947,82.4,PJM,,,82.4,yes,no,ST,WDS,,,
Doswell Energy Center,GEN1,Natural Gas Fired Combined Cycle,NG,CT,37.820805,-77.44625,122,PJM,DoswellEnergyCenter_A,315043,122,no,no,CT,NG,,,
Doswell Energy Center,GEN2,Natural Gas Fired Combined Cycle,NG,CT,37.820805,-77.44625,122,PJM,DoswellEnergyCenter_B,315044,122,no,no,CT,NG,,,
Doswell Energy Center,GEN3,Natural Gas Fired Combined Cycle,NG,CA,37.820805,-77.44625,132,PJM,generator-315045-C,315045,132,no,no,CA,NG,,,
Doswell Energy Center,GEN4,Natural Gas Fired Combined Cycle,NG,CT,37.820805,-77.44625,122,PJM,DoswellEnergyCenter_D,315046,122,no,no,CT,NG,,,
Doswell Energy Center,GEN5,Natural Gas Fired Combined Cycle,NG,CT,37.820805,-77.44625,122,PJM,DoswellEnergyCenter_E,315047,122,no,no,CT,NG,,,
Doswell Energy Center,GEN6,Natural Gas Fired Combined Cycle,NG,CA,37.820805,-77.44625,132,PJM,generator-315048-F,315048,132,no,no,CA,NG,,,
Doswell Energy Center,GEN7,Natural Gas Fired Combustion Turbine,NG,GT,37.820805,-77.44625,187,PJM,generator-315050-G,315050,187,no,no,GT,NG,,,
Doswell Energy Center,GEN8,Natural Gas Fired Combustion Turbine,NG,GT,37.820805,-77.44625,187,PJM,,315051,187,yes,generator-315050-G,GT,NG,,,
Doswell Energy Center,GEN9,Natural Gas Fired Combustion Turbine,NG,GT,37.820805,-77.44625,187,PJM,,315052,187,yes,generator-315050-G,GT,NG,,,
Radford Army Ammunition Plant,GEN1,Natural Gas Steam Turbine,NG,ST,37.180441,-80.54277,6,PJM,,,6,yes,no,ST,NG,,,
Radford Army Ammunition Plant,GEN2,Natural Gas Steam Turbine,NG,ST,37.180441,-80.54277,6,PJM,,,6,yes,no,ST,NG,,,
Radford Army Ammunition Plant,GEN3,Natural Gas Steam Turbine,NG,ST,37.180441,-80.54277,6,PJM,,,6,yes,no,ST,NG,,,
Elizabeth River Power Station,GEN1,Natural Gas Fired Combustion Turbine,NG,GT,36.775,-76.3083,129.6,PJM,generator-315108-1,315108,129.6,no,no,GT,NG,,,
Elizabeth River Power Station,GEN2,Natural Gas Fired Combustion Turbine,NG,GT,36.775,-76.3083,129.6,PJM,generator-315109-2,315109,129.6,no,no,GT,NG,,,
Elizabeth River Power Station,GEN3,Natural Gas Fired Combustion Turbine,NG,GT,36.775,-76.3083,129.6,PJM,generator-315110-3,315110,129.6,no,no,GT,NG,,,
Celanese Acetate LLC,GEN1,Natural Gas Steam Turbine,NG,ST,37.3439,-80.765,6,PJM,,,6,yes,no,ST,NG,,,
Celanese Acetate LLC,GEN2,Natural Gas Steam Turbine,NG,ST,37.3439,-80.765,6,PJM,,,6,yes,no,ST,NG,,,
Celanese Acetate LLC,GEN3,Natural Gas Steam Turbine,NG,ST,37.3439,-80.765,6,PJM,,,6,yes,no,ST,NG,,,
Celanese Acetate LLC,GEN4,Natural Gas Steam Turbine,NG,ST,37.3439,-80.765,9.2,PJM,,,9.2,yes,no,ST,NG,,,
Elkton,GEN1,Natural Gas Steam Turbine,NG,ST,38.3836,-78.6528,7.2,PJM,,,7.2,yes,no,ST,NG,,,
Elkton,GEN5,Natural Gas Steam Turbine,NG,ST,38.3836,-78.6528,0.4,PJM,,,0.4,yes,no,ST,NG,,,
Elkton,GEN6,Natural Gas Steam Turbine,NG,ST,38.3836,-78.6528,1.2,PJM,,,1.2,yes,no,ST,NG,,,
Elkton,GEN7,Natural Gas Steam Turbine,NG,ST,38.3836,-78.6528,1.2,PJM,,,1.2,yes,no,ST,NG,,,
Elkton,GEN8,Natural Gas Internal Combustion Engine,NG,IC,38.3836,-78.6528,2,PJM,,,2,yes,no,IC,NG,,,
International Paper Franklin Mill,GE10,Natural Gas Fired Combustion Turbine,NG,GT,36.6803,-76.9128,46.4,PJM,,,46.4,yes,no,GT,NG,,,
International Paper Franklin Mill,GEN9,Wood/Wood Waste Biomass,BLQ,ST,36.6803,-76.9128,36.1,PJM,generator-314539-A,314539,36.1,no,no,ST,BLQ,,,
Spruance Operating Services LLC,GEN3,Natural Gas Steam Turbine,NG,ST,37.4556,-77.4308,57.4,PJM,generator-315083-A,315083,57.4,no,no,ST,NG,,,
Spruance Operating Services LLC,GEN4,Natural Gas Steam Turbine,NG,ST,37.4556,-77.4308,57.4,PJM,generator-315084-B,315084,57.4,no,no,ST,NG,,,
I 95 Landfill Phase II,UNT1,Landfill Gas,LFG,IC,38.6892,-77.2375,0.8,PJM,,,0.8,yes,no,IC,LFG,,,
I 95 Landfill Phase II,UNT2,Landfill Gas,LFG,IC,38.6892,-77.2375,0.8,PJM,,,0.8,yes,no,IC,LFG,,,
I 95 Landfill Phase II,UNT3,Landfill Gas,LFG,IC,38.6892,-77.2375,0.8,PJM,,,0.8,yes,no,IC,LFG,,,
I 95 Landfill Phase II,UNT4,Landfill Gas,LFG,IC,38.6892,-77.2375,0.8,PJM,,,0.8,yes,no,IC,LFG,,,
Gordonsville Energy LP,GOR1,Natural Gas Fired Combined Cycle,NG,CT,38.124688,-78.20354,97.2,PJM,generator-315177-G1,315177,97.2,no,no,CT,NG,,,
Gordonsville Energy LP,GOR2,Natural Gas Fired Combined Cycle,NG,CT,38.124688,-78.20354,97.2,PJM,generator-315179-G2,315178,97.2,no,no,CT,NG,,,
Gordonsville Energy LP,GOR3,Natural Gas Fired Combined Cycle,NG,CA,38.124688,-78.20354,53,PJM,generator-315178-S1,315179,53,no,no,CA,NG,,,
Gordonsville Energy LP,GOR4,Natural Gas Fired Combined Cycle,NG,CA,38.124688,-78.20354,53,PJM,generator-315180-S2,315180,53,no,no,CA,NG,,,
Wolf Hills Energy,WHG1,Natural Gas Fired Combustion Turbine,NG,GT,36.6644,-82.1044,57,PJM,generator-247347-3,247347,57,no,no,GT,NG,,,
Wolf Hills Energy,WHG2,Natural Gas Fired Combustion Turbine,NG,GT,36.6644,-82.1044,57,PJM,generator-247348-4,247348,57,no,no,GT,NG,,,
Wolf Hills Energy,WHG3,Natural Gas Fired Combustion Turbine,NG,GT,36.6644,-82.1044,57,PJM,generator-247349-5,247349,57,no,no,GT,NG,,,
Wolf Hills Energy,WHG4,Natural Gas Fired Combustion Turbine,NG,GT,36.6644,-82.1044,57,PJM,generator-247351-1,247351,57,no,no,GT,NG,,,
Wolf Hills Energy,WHG5,Natural Gas Fired Combustion Turbine,NG,GT,36.6644,-82.1044,57,PJM,generator-247352-2,247352,57,no,no,GT,NG,,,
Commonwealth Chesapeake,UNT1,Petroleum Liquids,DFO,GT,37.9892,-75.54,57.5,PJM,generator-232912-1,232912,57.5,no,no,GT,DFO,,,
Commonwealth Chesapeake,UNT2,Petroleum Liquids,DFO,GT,37.9892,-75.54,57.5,PJM,generator-232913-2,232913,57.5,no,no,GT,DFO,,,
Commonwealth Chesapeake,UNT3,Petroleum Liquids,DFO,GT,37.9892,-75.54,57.5,PJM,generator-232914-3,232914,57.5,no,no,GT,DFO,,,
Commonwealth Chesapeake,UNT4,Petroleum Liquids,DFO,GT,37.9892,-75.54,57.5,PJM,generator-232915-4,232915,57.5,no,no,GT,DFO,,,
Commonwealth Chesapeake,UNT5,Petroleum Liquids,DFO,GT,37.9892,-75.54,57.5,PJM,generator-232916-5,232916,57.5,no,no,GT,DFO,,,
Commonwealth Chesapeake,UNT6,Petroleum Liquids,DFO,GT,37.9892,-75.54,57.5,PJM,generator-232917-6,232917,57.5,no,no,GT,DFO,,,
Commonwealth Chesapeake,UNT7,Petroleum Liquids,DFO,GT,37.9892,-75.54,57.5,PJM,generator-232918-7,232918,57.5,no,no,GT,DFO,,,
Tenaska Virginia Generating Station,CTG1,Natural Gas Fired Combined Cycle,NG,CT,37.8667,-78.3813,207,PJM,TenaskaVirginiaGeneratingStation_A,315216,207,no,no,CT,NG,,,
Tenaska Virginia Generating Station,CTG2,Natural Gas Fired Combined Cycle,NG,CT,37.8667,-78.3813,207,PJM,generator-315217-B,315217,207,no,no,CT,NG,,,
Tenaska Virginia Generating Station,CTG3,Natural Gas Fired Combined Cycle,NG,CT,37.8667,-78.3813,207,PJM,generator-315218-C,315218,207,no,no,CT,NG,,,
Tenaska Virginia Generating Station,STG1,Natural Gas Fired Combined Cycle,NG,CA,37.8667,-78.3813,390.4,PJM,generator-315219-D,315219,390.4,no,no,CA,NG,,,
Buchanan Generation LLC,1,Natural Gas Fired Combustion Turbine,NG,GT,37.175278,-81.96139,44,PJM,generator-247282-1,247282,44,no,no,GT,NG,,,
Buchanan Generation LLC,2,Natural Gas Fired Combustion Turbine,NG,GT,37.175278,-81.96139,44,PJM,generator-247283-2,247283,44,no,no,GT,NG,,,
Warren County,CT01,Natural Gas Fired Combined Cycle,NG,CT,38.971667,-78.17722,297.5,PJM,WarrenCounty_G1,315270,297.5,no,no,CT,NG,,,
Warren County,CT02,Natural Gas Fired Combined Cycle,NG,CT,38.971667,-78.17722,297.5,PJM,generator-315271-G2,315271,297.5,no,no,CT,NG,,,
Warren County,CT03,Natural Gas Fired Combined Cycle,NG,CT,38.971667,-78.17722,297.5,PJM,generator-315272-G3,315272,297.5,no,no,CT,NG,,,
Warren County,ST01,Natural Gas Fired Combined Cycle,NG,CA,38.971667,-78.17722,579.7,PJM,generator-315273-S1,315273,579.7,no,no,CA,NG,,,
Pretlow,1,Petroleum Liquids,DFO,IC,36.659167,-76.92667,1.6,PJM,,,1.6,yes,no,IC,DFO,,,
Pretlow,2,Petroleum Liquids,DFO,IC,36.659167,-76.92667,1.6,PJM,,,1.6,yes,no,IC,DFO,,,
Downtown,1,Petroleum Liquids,DFO,IC,36.680278,-76.92194,1.6,PJM,,,1.6,yes,no,IC,DFO,,,
Downtown,2,Petroleum Liquids,DFO,IC,36.680278,-76.92194,1.6,PJM,,,1.6,yes,no,IC,DFO,,,
Mount Clinton,D-2,Petroleum Liquids,DFO,IC,38.4681,-78.865,2,PJM,,,2,yes,no,IC,DFO,,,
Mount Clinton,D-3,Petroleum Liquids,DFO,IC,38.4681,-78.865,2,PJM,,,2,yes,no,IC,DFO,,,
Mount Clinton,D-5,Petroleum Liquids,DFO,IC,38.4681,-78.865,2,PJM,,,2,yes,no,IC,DFO,,,
Mount Clinton,D-7,Petroleum Liquids,DFO,IC,38.4681,-78.865,2,PJM,,,2,yes,no,IC,DFO,,,
Mount Clinton,D-8,Petroleum Liquids,DFO,IC,38.4681,-78.865,2,PJM,,,2,yes,no,IC,DFO,,,
Mount Clinton,MC-1,Petroleum Liquids,DFO,GT,38.4681,-78.865,14,PJM,,,14,yes,no,GT,DFO,,,
Pleasant Valley (VA),D-4,Petroleum Liquids,DFO,IC,38.4006,-78.8983,2,PJM,,,2,yes,no,IC,DFO,,,
Pleasant Valley (VA),D-6,Petroleum Liquids,DFO,IC,38.4006,-78.8983,2,PJM,,,2,yes,no,IC,DFO,,,
Pleasant Valley (VA),PV-1,Petroleum Liquids,DFO,GT,38.4006,-78.8983,16.5,PJM,,,16.5,yes,no,GT,DFO,,,
Salem Water Plant,1,Petroleum Liquids,DFO,IC,37.2875,-80.0771,2,PJM,,,2,yes,no,IC,DFO,,,
Salem Street Dept,1,Petroleum Liquids,DFO,IC,37.2794,-80.0447,1.8,PJM,,,1.8,yes,no,IC,DFO,,,
Danville Kentuck Road Plant,GEN 1,Petroleum Liquids,DFO,IC,36.66106,-79.2986,1.8,PJM,,,1.8,yes,no,IC,DFO,,,
Electric Avenue Facility,1,Petroleum Liquids,DFO,IC,38.28,-77.59,1.8,PJM,,,1.8,yes,no,IC,DFO,,,
Electric Avenue Facility,2,Petroleum Liquids,DFO,IC,38.28,-77.59,1.8,PJM,,,1.8,yes,no,IC,DFO,,,
Electric Avenue Facility,3,Petroleum Liquids,DFO,IC,38.28,-77.59,1.8,PJM,,,1.8,yes,no,IC,DFO,,,
Electric Avenue Facility,4,Petroleum Liquids,DFO,IC,38.28,-77.59,1.5,PJM,,,1.5,yes,no,IC,DFO,,,
Water Treatment Plant Generators,WP1,Petroleum Liquids,DFO,IC,38.760695,-77.62089,1.8,PJM,,,1.8,yes,no,IC,DFO,,,
Salem Electric Department,1,Petroleum Liquids,DFO,IC,37.2894,-80.07,1.3,PJM,,,1.3,yes,no,IC,DFO,,,
Waste Management Bethel LFGTE,GEN1,Landfill Gas,LFG,IC,37.076352,-76.44437,0.8,PJM,,,0.8,yes,no,IC,LFG,,,
Waste Management Bethel LFGTE,GEN2,Landfill Gas,LFG,IC,37.076352,-76.44437,0.8,PJM,,,0.8,yes,no,IC,LFG,,,
Waste Management Bethel LFGTE,GEN3,Landfill Gas,LFG,IC,37.076352,-76.44437,0.8,PJM,,,0.8,yes,no,IC,LFG,,,
Waste Management Bethel LFGTE,GEN4,Landfill Gas,LFG,IC,37.076352,-76.44437,0.8,PJM,,,0.8,yes,no,IC,LFG,,,
Waste Management Bethel LFGTE,GEN5,Landfill Gas,LFG,IC,37.076352,-76.44437,0.8,PJM,,,0.8,yes,no,IC,LFG,,,
Waste Management Bethel LFGTE,GEN6,Landfill Gas,LFG,IC,37.076352,-76.44437,0.8,PJM,,,0.8,yes,no,IC,LFG,,,
Amelia,1,Landfill Gas,LFG,IC,37.3097,-78.0589,0.3,PJM,generator-314429-A1,314429,3.6,no,no,IC,LFG,,,
Amelia,10,Landfill Gas,LFG,IC,37.3097,-78.0589,0.3,PJM,generator-314429-A2,314429,3.6,no,no,IC,LFG,,,
Amelia,11,Landfill Gas,LFG,IC,37.3097,-78.0589,0.3,PJM,generator-314429-A3,314429,3.6,no,no,IC,LFG,,,
Amelia,12,Landfill Gas,LFG,IC,37.3097,-78.0589,0.3,PJM,generator-314429-A4,314429,3.6,no,no,IC,LFG,,,
Brunswick Landfill Gas,10,Landfill Gas,LFG,IC,36.7639,-77.8108,0.3,PJM,,,0.3,yes,no,IC,LFG,,,
Brunswick Landfill Gas,11,Landfill Gas,LFG,IC,36.7639,-77.8108,0.3,PJM,,,0.3,yes,no,IC,LFG,,,
Brunswick Landfill Gas,12,Landfill Gas,LFG,IC,36.7639,-77.8108,0.3,PJM,,,0.3,yes,no,IC,LFG,,,
Brunswick Landfill Gas,13,Landfill Gas,LFG,IC,36.7639,-77.8108,0.3,PJM,,,0.3,yes,no,IC,LFG,,,10.5
Brunswick Landfill Gas,14,Landfill Gas,LFG,IC,36.7639,-77.8108,0.3,PJM,,,0.3,yes,no,IC,LFG,,,
Brunswick Landfill Gas,15,Landfill Gas,LFG,IC,36.7639,-77.8108,0.3,PJM,,,0.3,yes,no,IC,LFG,,,
Brunswick Landfill Gas,16,Landfill Gas,LFG,IC,36.7639,-77.8108,0.3,PJM,,,0.3,yes,no,IC,LFG,,,
Brunswick Landfill Gas,17,Landfill Gas,LFG,IC,36.7639,-77.8108,0.3,PJM,,,0.3,yes,no,IC,LFG,,,
Brunswick Landfill Gas,18,Landfill Gas,LFG,IC,36.7639,-77.8108,0.3,PJM,,,0.3,yes,no,IC,LFG,,,
Brunswick Landfill Gas,19,Landfill Gas,LFG,IC,36.7639,-77.8108,0.3,PJM,,,0.3,yes,no,IC,LFG,,,
Brunswick Landfill Gas,2,Landfill Gas,LFG,IC,36.7639,-77.8108,0.3,PJM,,,0.3,yes,no,IC,LFG,,,
Brunswick Landfill Gas,20,Landfill Gas,LFG,IC,36.7639,-77.8108,0.3,PJM,,,0.3,yes,no,IC,LFG,,,
Brunswick Landfill Gas,21,Landfill Gas,LFG,IC,36.7639,-77.8108,0.3,PJM,,,0.3,yes,no,IC,LFG,,,
Brunswick Landfill Gas,22,Landfill Gas,LFG,IC,36.7639,-77.8108,0.3,PJM,,,0.3,yes,no,IC,LFG,,,
Brunswick Landfill Gas,23,Landfill Gas,LFG,IC,36.7639,-77.8108,0.3,PJM,,,0.3,yes,no,IC,LFG,,,
Brunswick Landfill Gas,24,Landfill Gas,LFG,IC,36.7639,-77.8108,0.3,PJM,,,0.3,yes,no,IC,LFG,,,
Brunswick Landfill Gas,25,Landfill Gas,LFG,IC,36.7639,-77.8108,0.3,PJM,,,0.3,yes,no,IC,LFG,,,
Brunswick Landfill Gas,26,Landfill Gas,LFG,IC,36.7639,-77.8108,0.3,PJM,,,0.3,yes,no,IC,LFG,,,
Brunswick Landfill Gas,27,Landfill Gas,LFG,IC,36.7639,-77.8108,0.3,PJM,,,0.3,yes,no,IC,LFG,,,
Brunswick Landfill Gas,28,Landfill Gas,LFG,IC,36.7639,-77.8108,0.3,PJM,,,0.3,yes,no,IC,LFG,,,
Brunswick Landfill Gas,29,Landfill Gas,LFG,IC,36.7639,-77.8108,0.3,PJM,,,0.3,yes,no,IC,LFG,,,
Brunswick Landfill Gas,3,Landfill Gas,LFG,IC,36.7639,-77.8108,0.3,PJM,,,0.3,yes,no,IC,LFG,,,
Brunswick Landfill Gas,30,Landfill Gas,LFG,IC,36.7639,-77.8108,0.3,PJM,,,0.3,yes,no,IC,LFG,,,
Brunswick Landfill Gas,31,Landfill Gas,LFG,IC,36.7639,-77.8108,0.3,PJM,,,0.3,yes,no,IC,LFG,,,
Brunswick Landfill Gas,32,Landfill Gas,LFG,IC,36.7639,-77.8108,0.3,PJM,,,0.3,yes,no,IC,LFG,,,
Brunswick Landfill Gas,33,Landfill Gas,LFG,IC,36.7639,-77.8108,0.3,PJM,,,0.3,yes,no,IC,LFG,,,
Brunswick Landfill Gas,34,Landfill Gas,LFG,IC,36.7639,-77.8108,0.3,PJM,,,0.3,yes,no,IC,LFG,,,
Brunswick Landfill Gas,35,Landfill Gas,LFG,IC,36.7639,-77.8108,0.3,PJM,,,0.3,yes,no,IC,LFG,,,
Brunswick Landfill Gas,36,Landfill Gas,LFG,IC,36.7639,-77.8108,0.3,PJM,,,0.3,yes,no,IC,LFG,,,
Brunswick Landfill Gas,4,Landfill Gas,LFG,IC,36.7639,-77.8108,0.3,PJM,,,0.3,yes,no,IC,LFG,,,
Brunswick Landfill Gas,5,Landfill Gas,LFG,IC,36.7639,-77.8108,0.3,PJM,,,0.3,yes,no,IC,LFG,,,
Brunswick Landfill Gas,6,Landfill Gas,LFG,IC,36.7639,-77.8108,0.3,PJM,,,0.3,yes,no,IC,LFG,,,
Brunswick Landfill Gas,7,Landfill Gas,LFG,IC,36.7639,-77.8108,0.3,PJM,,,0.3,yes,no,IC,LFG,,,
Brunswick Landfill Gas,8,Landfill Gas,LFG,IC,36.7639,-77.8108,0.3,PJM,,,0.3,yes,no,IC,LFG,,,
Brunswick Landfill Gas,9,Landfill Gas,LFG,IC,36.7639,-77.8108,0.3,PJM,,,0.3,yes,no,IC,LFG,,,
Charles City,1,Landfill Gas,LFG,IC,37.438889,-77.12861,0.3,PJM,,,0.3,yes,no,IC,LFG,,,
Charles City,10,Landfill Gas,LFG,IC,37.438889,-77.12861,0.3,PJM,,,0.3,yes,no,IC,LFG,,,
Charles City,11,Landfill Gas,LFG,IC,37.438889,-77.12861,0.3,PJM,,,0.3,yes,no,IC,LFG,,,
Charles City,12,Landfill Gas,LFG,IC,37.438889,-77.12861,0.3,PJM,,,0.3,yes,no,IC,LFG,,,
Charles City,13,Landfill Gas,LFG,IC,37.438889,-77.12861,0.3,PJM,,,0.3,yes,no,IC,LFG,,,
Charles City,14,Landfill Gas,LFG,IC,37.438889,-77.12861,0.3,PJM,,,0.3,yes,no,IC,LFG,,,
Charles City,15,Landfill Gas,LFG,IC,37.438889,-77.12861,0.3,PJM,,,0.3,yes,no,IC,LFG,,,
Charles City,16,Landfill Gas,LFG,IC,37.438889,-77.12861,0.3,PJM,,,0.3,yes,no,IC,LFG,,,
Charles City,17,Landfill Gas,LFG,IC,37.438889,-77.12861,0.3,PJM,,,0.3,yes,no,IC,LFG,,,
Charles City,18,Landfill Gas,LFG,IC,37.438889,-77.12861,0.3,PJM,,,0.3,yes,no,IC,LFG,,,
Charles City,19,Landfill Gas,LFG,IC,37.438889,-77.12861,0.3,PJM,,,0.3,yes,no,IC,LFG,,,
Charles City,2,Landfill Gas,LFG,IC,37.438889,-77.12861,0.3,PJM,,,0.3,yes,no,IC,LFG,,,
Charles City,20,Landfill Gas,LFG,IC,37.438889,-77.12861,0.3,PJM,,,0.3,yes,no,IC,LFG,,,
Charles City,21,Landfill Gas,LFG,IC,37.438889,-77.12861,0.3,PJM,,,0.3,yes,no,IC,LFG,,,
Charles City,22,Landfill Gas,LFG,IC,37.438889,-77.12861,0.3,PJM,,,0.3,yes,no,IC,LFG,,,
Charles City,23,Landfill Gas,LFG,IC,37.438889,-77.12861,0.3,PJM,,,0.3,yes,no,IC,LFG,,,
Charles City,24,Landfill Gas,LFG,IC,37.438889,-77.12861,0.3,PJM,,,0.3,yes,no,IC,LFG,,,
Charles City,25,Landfill Gas,LFG,IC,37.438889,-77.12861,0.3,PJM,,,0.3,yes,no,IC,LFG,,,
Charles City,26,Landfill Gas,LFG,IC,37.438889,-77.12861,0.3,PJM,,,0.3,yes,no,IC,LFG,,,
Charles City,27,Landfill Gas,LFG,IC,37.438889,-77.12861,0.3,PJM,,,0.3,yes,no,IC,LFG,,,
Charles City,28,Landfill Gas,LFG,IC,37.438889,-77.12861,0.3,PJM,,,0.3,yes,no,IC,LFG,,,
Charles City,29,Landfill Gas,LFG,IC,37.438889,-77.12861,0.3,PJM,,,0.3,yes,no,IC,LFG,,,
Charles City,3,Landfill Gas,LFG,IC,37.438889,-77.12861,0.3,PJM,,,0.3,yes,no,IC,LFG,,,
Charles City,30,Landfill Gas,LFG,IC,37.438889,-77.12861,0.3,PJM,,,0.3,yes,no,IC,LFG,,,
Charles City,31,Landfill Gas,LFG,IC,37.438889,-77.12861,0.3,PJM,,,0.3,yes,no,IC,LFG,,,
Charles City,32,Landfill Gas,LFG,IC,37.438889,-77.12861,0.3,PJM,,,0.3,yes,no,IC,LFG,,,
Charles City,33,Landfill Gas,LFG,IC,37.438889,-77.12861,0.3,PJM,,,0.3,yes,no,IC,LFG,,,
Charles City,34,Landfill Gas,LFG,IC,37.438889,-77.12861,0.3,PJM,,,0.3,yes,no,IC,LFG,,,
Charles City,35,Landfill Gas,LFG,IC,37.438889,-77.12861,0.3,PJM,,,0.3,yes,no,IC,LFG,,,
Charles City,36,Landfill Gas,LFG,IC,37.438889,-77.12861,0.3,PJM,,,0.3,yes,no,IC,LFG,,,
Charles City,37,Landfill Gas,LFG,IC,37.438889,-77.12861,0.3,PJM,,,0.3,yes,no,IC,LFG,,,
Charles City,38,Landfill Gas,LFG,IC,37.438889,-77.12861,0.3,PJM,,,0.3,yes,no,IC,LFG,,,
Charles City,39,Landfill Gas,LFG,IC,37.438889,-77.12861,0.3,PJM,,,0.3,yes,no,IC,LFG,,,
Charles City,4,Landfill Gas,LFG,IC,37.438889,-77.12861,0.3,PJM,,,0.3,yes,no,IC,LFG,,,
Charles City,40,Landfill Gas,LFG,IC,37.438889,-77.12861,0.3,PJM,,,0.3,yes,no,IC,LFG,,,
Charles City,41,Landfill Gas,LFG,IC,37.438889,-77.12861,0.3,PJM,,,0.3,yes,no,IC,LFG,,,
Charles City,42,Landfill Gas,LFG,IC,37.438889,-77.12861,0.3,PJM,,,0.3,yes,no,IC,LFG,,,
Charles City,43,Landfill Gas,LFG,IC,37.438889,-77.12861,0.3,PJM,,,0.3,yes,no,IC,LFG,,,
Charles City,44,Landfill Gas,LFG,IC,37.438889,-77.12861,0.3,PJM,,,0.3,yes,no,IC,LFG,,,
Charles City,45,Landfill Gas,LFG,IC,37.438889,-77.12861,0.3,PJM,,,0.3,yes,no,IC,LFG,,,
Charles City,46,Landfill Gas,LFG,IC,37.438889,-77.12861,0.3,PJM,,,0.3,yes,no,IC,LFG,,,
Charles City,47,Landfill Gas,LFG,IC,37.438889,-77.12861,0.3,PJM,,,0.3,yes,no,IC,LFG,,,
Charles City,48,Landfill Gas,LFG,IC,37.438889,-77.12861,0.3,PJM,,,0.3,yes,no,IC,LFG,,,
Charles City,5,Landfill Gas,LFG,IC,37.438889,-77.12861,0.3,PJM,,,0.3,yes,no,IC,LFG,,,
Charles City,6,Landfill Gas,LFG,IC,37.438889,-77.12861,0.3,PJM,,,0.3,yes,no,IC,LFG,,,
Charles City,7,Landfill Gas,LFG,IC,37.438889,-77.12861,0.3,PJM,,,0.3,yes,no,IC,LFG,,,
Charles City,8,Landfill Gas,LFG,IC,37.438889,-77.12861,0.3,PJM,,,0.3,yes,no,IC,LFG,,,
Charles City,9,Landfill Gas,LFG,IC,37.438889,-77.12861,0.3,PJM,,,0.3,yes,no,IC,LFG,,,
Chesterfield Landfill Gas,1,Petroleum Liquids,DFO,IC,37.3517,-77.4969,0.3,PJM,,,0.3,yes,no,IC,DFO,,,
Chesterfield Landfill Gas,10,Petroleum Liquids,DFO,IC,37.3517,-77.4969,0.3,PJM,,,0.3,yes,no,IC,DFO,,,
Chesterfield Landfill Gas,11,Petroleum Liquids,DFO,IC,37.3517,-77.4969,0.3,PJM,,,0.3,yes,no,IC,DFO,,,
Chesterfield Landfill Gas,12,Petroleum Liquids,DFO,IC,37.3517,-77.4969,0.3,PJM,,,0.3,yes,no,IC,DFO,,,
Chesterfield Landfill Gas,13,Petroleum Liquids,DFO,IC,37.3517,-77.4969,0.3,PJM,,,0.3,yes,no,IC,DFO,,,
Chesterfield Landfill Gas,14,Petroleum Liquids,DFO,IC,37.3517,-77.4969,0.3,PJM,,,0.3,yes,no,IC,DFO,,,
Chesterfield Landfill Gas,15,Petroleum Liquids,DFO,IC,37.3517,-77.4969,0.3,PJM,,,0.3,yes,no,IC,DFO,,,
Chesterfield Landfill Gas,16,Petroleum Liquids,DFO,IC,37.3517,-77.4969,0.3,PJM,,,0.3,yes,no,IC,DFO,,,
Chesterfield Landfill Gas,17,Petroleum Liquids,DFO,IC,37.3517,-77.4969,0.3,PJM,,,0.3,yes,no,IC,DFO,,,
Chesterfield Landfill Gas,18,Petroleum Liquids,DFO,IC,37.3517,-77.4969,0.3,PJM,,,0.3,yes,no,IC,DFO,,,
Chesterfield Landfill Gas,19,Petroleum Liquids,DFO,IC,37.3517,-77.4969,0.3,PJM,,,0.3,yes,no,IC,DFO,,,
Chesterfield Landfill Gas,2,Petroleum Liquids,DFO,IC,37.3517,-77.4969,0.3,PJM,,,0.3,yes,no,IC,DFO,,,
Chesterfield Landfill Gas,20,Petroleum Liquids,DFO,IC,37.3517,-77.4969,0.3,PJM,,,0.3,yes,no,IC,DFO,,,
Chesterfield Landfill Gas,21,Petroleum Liquids,DFO,IC,37.3517,-77.4969,0.3,PJM,,,0.3,yes,no,IC,DFO,,,
Chesterfield Landfill Gas,22,Petroleum Liquids,DFO,IC,37.3517,-77.4969,0.3,PJM,,,0.3,yes,no,IC,DFO,,,
Chesterfield Landfill Gas,23,Petroleum Liquids,DFO,IC,37.3517,-77.4969,0.3,PJM,,,0.3,yes,no,IC,DFO,,,
Chesterfield Landfill Gas,24,Petroleum Liquids,DFO,IC,37.3517,-77.4969,0.3,PJM,,,0.3,yes,no,IC,DFO,,,
Chesterfield Landfill Gas,25,Petroleum Liquids,DFO,IC,37.3517,-77.4969,0.3,PJM,,,0.3,yes,no,IC,DFO,,,
Chesterfield Landfill Gas,26,Petroleum Liquids,DFO,IC,37.3517,-77.4969,0.3,PJM,,,0.3,yes,no,IC,DFO,,,
Chesterfield Landfill Gas,27,Petroleum Liquids,DFO,IC,37.3517,-77.4969,0.3,PJM,,,0.3,yes,no,IC,DFO,,,
Chesterfield Landfill Gas,28,Petroleum Liquids,DFO,IC,37.3517,-77.4969,0.3,PJM,,,0.3,yes,no,IC,DFO,,,
Chesterfield Landfill Gas,29,Petroleum Liquids,DFO,IC,37.3517,-77.4969,0.3,PJM,,,0.3,yes,no,IC,DFO,,,
Chesterfield Landfill Gas,3,Petroleum Liquids,DFO,IC,37.3517,-77.4969,0.3,PJM,,,0.3,yes,no,IC,DFO,,,
Chesterfield Landfill Gas,30,Petroleum Liquids,DFO,IC,37.3517,-77.4969,0.3,PJM,,,0.3,yes,no,IC,DFO,,,
Chesterfield Landfill Gas,31,Petroleum Liquids,DFO,IC,37.3517,-77.4969,0.3,PJM,,,0.3,yes,no,IC,DFO,,,
Chesterfield Landfill Gas,32,Petroleum Liquids,DFO,IC,37.3517,-77.4969,0.3,PJM,,,0.3,yes,no,IC,DFO,,,
Chesterfield Landfill Gas,33,Petroleum Liquids,DFO,IC,37.3517,-77.4969,0.3,PJM,,,0.3,yes,no,IC,DFO,,,
Chesterfield Landfill Gas,34,Petroleum Liquids,DFO,IC,37.3517,-77.4969,0.3,PJM,,,0.3,yes,no,IC,DFO,,,
Chesterfield Landfill Gas,35,Petroleum Liquids,DFO,IC,37.3517,-77.4969,0.3,PJM,,,0.3,yes,no,IC,DFO,,,
Chesterfield Landfill Gas,36,Petroleum Liquids,DFO,IC,37.3517,-77.4969,0.3,PJM,,,0.3,yes,no,IC,DFO,,,
Chesterfield Landfill Gas,37,Petroleum Liquids,DFO,IC,37.3517,-77.4969,0.3,PJM,,,0.3,yes,no,IC,DFO,,,
Chesterfield Landfill Gas,38,Petroleum Liquids,DFO,IC,37.3517,-77.4969,0.3,PJM,,,0.3,yes,no,IC,DFO,,,
Chesterfield Landfill Gas,39,Petroleum Liquids,DFO,IC,37.3517,-77.4969,0.3,PJM,,,0.3,yes,no,IC,DFO,,,
Chesterfield Landfill Gas,4,Petroleum Liquids,DFO,IC,37.3517,-77.4969,0.3,PJM,,,0.3,yes,no,IC,DFO,,,
Chesterfield Landfill Gas,40,Petroleum Liquids,DFO,IC,37.3517,-77.4969,0.3,PJM,,,0.3,yes,no,IC,DFO,,,
Chesterfield Landfill Gas,41,Petroleum Liquids,DFO,IC,37.3517,-77.4969,0.3,PJM,,,0.3,yes,no,IC,DFO,,,
Chesterfield Landfill Gas,42,Petroleum Liquids,DFO,IC,37.3517,-77.4969,0.3,PJM,,,0.3,yes,no,IC,DFO,,,
Chesterfield Landfill Gas,43,Petroleum Liquids,DFO,IC,37.3517,-77.4969,0.3,PJM,,,0.3,yes,no,IC,DFO,,,
Chesterfield Landfill Gas,44,Petroleum Liquids,DFO,IC,37.3517,-77.4969,0.3,PJM,,,0.3,yes,no,IC,DFO,,,
Chesterfield Landfill Gas,45,Petroleum Liquids,DFO,IC,37.3517,-77.4969,0.3,PJM,,,0.3,yes,no,IC,DFO,,,
Chesterfield Landfill Gas,46,Petroleum Liquids,DFO,IC,37.3517,-77.4969,0.3,PJM,,,0.3,yes,no,IC,DFO,,,
Chesterfield Landfill Gas,47,Petroleum Liquids,DFO,IC,37.3517,-77.4969,0.3,PJM,,,0.3,yes,no,IC,DFO,,,
Chesterfield Landfill Gas,48,Petroleum Liquids,DFO,IC,37.3517,-77.4969,0.3,PJM,,,0.3,yes,no,IC,DFO,,,
Chesterfield Landfill Gas,5,Petroleum Liquids,DFO,IC,37.3517,-77.4969,0.3,PJM,,,0.3,yes,no,IC,DFO,,,
Chesterfield Landfill Gas,6,Petroleum Liquids,DFO,IC,37.3517,-77.4969,0.3,PJM,,,0.3,yes,no,IC,DFO,,,
Chesterfield Landfill Gas,7,Petroleum Liquids,DFO,IC,37.3517,-77.4969,0.3,PJM,,,0.3,yes,no,IC,DFO,,,
Chesterfield Landfill Gas,8,Petroleum Liquids,DFO,IC,37.3517,-77.4969,0.3,PJM,,,0.3,yes,no,IC,DFO,,,
Chesterfield Landfill Gas,9,Petroleum Liquids,DFO,IC,37.3517,-77.4969,0.3,PJM,,,0.3,yes,no,IC,DFO,,,
King & Queen,1,Landfill Gas,LFG,IC,37.6711,-76.76,0.3,PJM,,,0.3,yes,no,IC,LFG,,,
King & Queen,10,Landfill Gas,LFG,IC,37.6711,-76.76,0.3,PJM,,,0.3,yes,no,IC,LFG,,,
King & Queen,11,Landfill Gas,LFG,IC,37.6711,-76.76,0.3,PJM,,,0.3,yes,no,IC,LFG,,,
King & Queen,12,Landfill Gas,LFG,IC,37.6711,-76.76,0.3,PJM,,,0.3,yes,no,IC,LFG,,,
King & Queen,13,Landfill Gas,LFG,IC,37.6711,-76.76,0.3,PJM,,,0.3,yes,no,IC,LFG,,,
King & Queen,14,Landfill Gas,LFG,IC,37.6711,-76.76,0.3,PJM,,,0.3,yes,no,IC,LFG,,,
King & Queen,15,Landfill Gas,LFG,IC,37.6711,-76.76,0.3,PJM,,,0.3,yes,no,IC,LFG,,,
King & Queen,16,Landfill Gas,LFG,IC,37.6711,-76.76,0.3,PJM,,,0.3,yes,no,IC,LFG,,,
King & Queen,17,Landfill Gas,LFG,IC,37.6711,-76.76,0.3,PJM,,,0.3,yes,no,IC,LFG,,,
King & Queen,18,Landfill Gas,LFG,IC,37.6711,-76.76,0.3,PJM,,,0.3,yes,no,IC,LFG,,,
King & Queen,19,Landfill Gas,LFG,IC,37.6711,-76.76,0.3,PJM,,,0.3,yes,no,IC,LFG,,,
King & Queen,2,Landfill Gas,LFG,IC,37.6711,-76.76,0.3,PJM,,,0.3,yes,no,IC,LFG,,,
King & Queen,20,Landfill Gas,LFG,IC,37.6711,-76.76,0.3,PJM,,,0.3,yes,no,IC,LFG,,,
King & Queen,21,Landfill Gas,LFG,IC,37.6711,-76.76,0.3,PJM,,,0.3,yes,no,IC,LFG,,,
King & Queen,22,Landfill Gas,LFG,IC,37.6711,-76.76,0.3,PJM,,,0.3,yes,no,IC,LFG,,,
King & Queen,23,Landfill Gas,LFG,IC,37.6711,-76.76,0.3,PJM,,,0.3,yes,no,IC,LFG,,,
King & Queen,24,Landfill Gas,LFG,IC,37.6711,-76.76,0.3,PJM,,,0.3,yes,no,IC,LFG,,,
King & Queen,25,Landfill Gas,LFG,IC,37.6711,-76.76,0.3,PJM,,,0.3,yes,no,IC,LFG,,,
King & Queen,26,Landfill Gas,LFG,IC,37.6711,-76.76,0.3,PJM,,,0.3,yes,no,IC,LFG,,,
King & Queen,27,Landfill Gas,LFG,IC,37.6711,-76.76,0.3,PJM,,,0.3,yes,no,IC,LFG,,,
King & Queen,28,Landfill Gas,LFG,IC,37.6711,-76.76,0.3,PJM,,,0.3,yes,no,IC,LFG,,,
King & Queen,29,Landfill Gas,LFG,IC,37.6711,-76.76,0.3,PJM,,,0.3,yes,no,IC,LFG,,,
King & Queen,3,Landfill Gas,LFG,IC,37.6711,-76.76,0.3,PJM,,,0.3,yes,no,IC,LFG,,,
King & Queen,30,Landfill Gas,LFG,IC,37.6711,-76.76,0.3,PJM,,,0.3,yes,no,IC,LFG,,,
King & Queen,31,Landfill Gas,LFG,IC,37.6711,-76.76,0.3,PJM,,,0.3,yes,no,IC,LFG,,,
King & Queen,32,Landfill Gas,LFG,IC,37.6711,-76.76,0.3,PJM,,,0.3,yes,no,IC,LFG,,,
King & Queen,33,Landfill Gas,LFG,IC,37.6711,-76.76,0.3,PJM,,,0.3,yes,no,IC,LFG,,,
King & Queen,34,Landfill Gas,LFG,IC,37.6711,-76.76,0.3,PJM,,,0.3,yes,no,IC,LFG,,,
King & Queen,35,Landfill Gas,LFG,IC,37.6711,-76.76,0.3,PJM,,,0.3,yes,no,IC,LFG,,,
King & Queen,36,Landfill Gas,LFG,IC,37.6711,-76.76,0.3,PJM,,,0.3,yes,no,IC,LFG,,,
King & Queen,4,Landfill Gas,LFG,IC,37.6711,-76.76,0.3,PJM,,,0.3,yes,no,IC,LFG,,,
King & Queen,5,Landfill Gas,LFG,IC,37.6711,-76.76,0.3,PJM,,,0.3,yes,no,IC,LFG,,,
King & Queen,6,Landfill Gas,LFG,IC,37.6711,-76.76,0.3,PJM,,,0.3,yes,no,IC,LFG,,,
King & Queen,7,Landfill Gas,LFG,IC,37.6711,-76.76,0.3,PJM,,,0.3,yes,no,IC,LFG,,,
King & Queen,8,Landfill Gas,LFG,IC,37.6711,-76.76,0.3,PJM,,,0.3,yes,no,IC,LFG,,,
King & Queen,9,Landfill Gas,LFG,IC,37.6711,-76.76,0.3,PJM,,,0.3,yes,no,IC,LFG,,,
Virginia Tech Power Plant,WG01,Natural Gas Steam Turbine,NG,ST,37.2319,-80.4211,6.3,PJM,,,0.3,yes,no,ST,NG,,,
Bear Garden,1A,Natural Gas Fired Combined Cycle,NG,CT,37.695556,-78.28528,145,PJM,BearGarden_G1,315191,145,no,no,CT,NG,,,
Bear Garden,1B,Natural Gas Fired Combined Cycle,NG,CT,37.695556,-78.28528,152,PJM,generator-315192-G2,315192,152,no,no,CT,NG,,,
Bear Garden,1C,Natural Gas Fired Combined Cycle,NG,CA,37.695556,-78.28528,262,PJM,generator-315193-S1,315193,262,no,no,CA,NG,,,
Virginia City Hybrid Energy Center,1,Conventional Steam Coal,BIT,ST,36.916389,-82.33806,668,PJM,generator-246895-1,246895,668,no,no,ST,BIT,,,
Ameresco Stafford,1,Landfill Gas,LFG,IC,38.384167,-77.41306,1.1,PJM,generator-314134-A,314134,1.1,no,no,IC,LFG,,,
Ameresco Stafford,2,Landfill Gas,LFG,IC,38.384167,-77.41306,1.1,PJM,,,1.1,yes,generator-314134-A,IC,LFG,,,
Waste Management Middle Peninsula LFGTE,GEN1,Landfill Gas,LFG,IC,37.519714,-76.62451,0.8,PJM,,,0.8,yes,no,IC,LFG,,,
Waste Management Middle Peninsula LFGTE,GEN2,Landfill Gas,LFG,IC,37.519714,-76.62451,0.8,PJM,,,0.8,yes,no,IC,LFG,,,
Waste Management Middle Peninsula LFGTE,GEN3,Landfill Gas,LFG,IC,37.519714,-76.62451,0.8,PJM,,,0.8,yes,no,IC,LFG,,,
Waste Management Middle Peninsula LFGTE,GEN4,Landfill Gas,LFG,IC,37.519714,-76.62451,0.8,PJM,,,0.8,yes,no,IC,LFG,,,
Waste Management Middle Peninsula LFGTE,GEN5,Landfill Gas,LFG,IC,37.519714,-76.62451,0.8,PJM,,,0.8,yes,no,IC,LFG,,,
Waste Management Middle Peninsula LFGTE,GEN6,Landfill Gas,LFG,IC,37.519714,-76.62451,0.8,PJM,,,0.8,yes,no,IC,LFG,,,
Waste Management Middle Peninsula LFGTE,GEN7,Landfill Gas,LFG,IC,37.519714,-76.62451,0.8,PJM,,,0.8,yes,no,IC,LFG,,,
Waste Management Middle Peninsula LFGTE,GEN8,Landfill Gas,LFG,IC,37.519714,-76.62451,0.8,PJM,,,0.8,yes,no,IC,LFG,,,
Waste Management King George LFGTE,GEN1,Landfill Gas,LFG,GT,38.2747,-77.3081,3.3,PJM,,,3.3,yes,no,GT,LFG,,,
Waste Management King George LFGTE,GEN2,Landfill Gas,LFG,GT,38.2747,-77.3081,3.3,PJM,,,3.3,yes,no,GT,LFG,,,
Waste Management King George LFGTE,GEN3,Landfill Gas,LFG,GT,38.2747,-77.3081,3.3,PJM,,,3.3,yes,no,GT,LFG,,,
Waste Management King George LFGTE,GEN4,Landfill Gas,LFG,GT,38.2747,-77.3081,3.3,PJM,,,3.3,yes,no,GT,LFG,,,
Henrico,1,Landfill Gas,LFG,IC,37.6788,-77.5678,0.3,PJM,,,0.3,yes,no,IC,LFG,,,
Henrico,10,Landfill Gas,LFG,IC,37.6788,-77.5678,0.3,PJM,,,0.3,yes,no,IC,LFG,,,
Henrico,11,Landfill Gas,LFG,IC,37.6788,-77.5678,0.3,PJM,,,0.3,yes,no,IC,LFG,,,
Henrico,12,Landfill Gas,LFG,IC,37.6788,-77.5678,0.3,PJM,,,0.3,yes,no,IC,LFG,,,
Henrico,2,Landfill Gas,LFG,IC,37.6788,-77.5678,0.3,PJM,,,0.3,yes,no,IC,LFG,,,
Henrico,3,Landfill Gas,LFG,IC,37.6788,-77.5678,0.3,PJM,,,0.3,yes,no,IC,LFG,,,
Henrico,4,Landfill Gas,LFG,IC,37.6788,-77.5678,0.3,PJM,,,0.3,yes,no,IC,LFG,,,
Henrico,5,Landfill Gas,LFG,IC,37.6788,-77.5678,0.3,PJM,,,0.3,yes,no,IC,LFG,,,
Henrico,6,Landfill Gas,LFG,IC,37.6788,-77.5678,0.3,PJM,,,0.3,yes,no,IC,LFG,,,
Henrico,7,Landfill Gas,LFG,IC,37.6788,-77.5678,0.3,PJM,,,0.3,yes,no,IC,LFG,,,
Henrico,8,Landfill Gas,LFG,IC,37.6788,-77.5678,0.3,PJM,,,0.3,yes,no,IC,LFG,,,
Henrico,9,Landfill Gas,LFG,IC,37.6788,-77.5678,0.3,PJM,,,0.3,yes,no,IC,LFG,,,
Frederick County LFGTE Facility,1,Landfill Gas,LFG,IC,39.140833,-78.0975,1,PJM,,,1,yes,no,IC,LFG,,,
Frederick County LFGTE Facility,2,Landfill Gas,LFG,IC,39.140833,-78.0975,1,PJM,,,1,yes,no,IC,LFG,,,
Martinsville LFG Generator,LFG1,Natural Gas Internal Combustion Engine,NG,IC,36.717222,-79.84528,1.1,PJM,,,1.1,yes,no,IC,NG,,,
Richmond Energy,UNT1,Landfill Gas,LFG,IC,37.505833,-77.37389,1.6,PJM,,,1.6,yes,no,IC,LFG,,,
Richmond Energy,UNT2,Landfill Gas,LFG,IC,37.505833,-77.37389,1.6,PJM,,,1.6,yes,no,IC,LFG,,,
Richmond Energy,UNT3,Landfill Gas,LFG,IC,37.505833,-77.37389,1.6,PJM,,,1.6,yes,no,IC,LFG,,,
Richmond Energy,UNT4,Landfill Gas,LFG,IC,37.505833,-77.37389,1.6,PJM,,,1.6,yes,no,IC,LFG,,,
Molson Coors Shenandoah Brewery,WWTP,Other Waste Biomass,OBG,GT,38.356944,-78.67667,1.4,PJM,,,1.4,yes,no,GT,OBG,,,
Brunswick County Power Station,CT01,Natural Gas Fired Combined Cycle,NG,CT,36.765,-77.71389,297.5,PJM,BrunswickCountyPowerStation_G1,,297.5,no,no,CT,NG,,,
Brunswick County Power Station,CT02,Natural Gas Fired Combined Cycle,NG,CT,36.765,-77.71389,297.5,PJM,generator-315103-G2,,297.5,no,no,CT,NG,,,
Brunswick County Power Station,CT03,Natural Gas Fired Combined Cycle,NG,CT,36.765,-77.71389,297.5,PJM,generator-315104-G3,,297.5,no,no,CT,NG,,,
Brunswick County Power Station,ST01,Natural Gas Fired Combined Cycle,NG,CA,36.765,-77.71389,579.7,PJM,generator-315105-S1,,579.7,no,no,CA,NG,,,
Halifax County Biomass,STG1,Wood/Wood Waste Biomass,WDS,ST,36.701389,-78.87333,49.9,PJM,generator-315266-A,,49.9,no,no,ST,WDS,,,
"Potomac Energy Center, LLC",GEN1,Natural Gas Fired Combined Cycle,NG,CT,39.058056,-77.545,237,PJM,generator-315211-1A,,237,no,no,CT,NG,,,
"Potomac Energy Center, LLC",GEN2,Natural Gas Fired Combined Cycle,NG,CT,39.058056,-77.545,237,PJM,generator-315212-1B,,237,no,no,CT,NG,,,
"Potomac Energy Center, LLC",GEN3,Natural Gas Fired Combined Cycle,NG,CA,39.058056,-77.545,338,PJM,generator-315213-1S,,338,no,no,CA,NG,,,
Monterey Diesel Generation Facility,MDG1,Petroleum Liquids,DFO,IC,38.421389,-79.59139,0.6,PJM,,,0.6,yes,no,IC,DFO,,,
Monterey Diesel Generation Facility,MDG10,Petroleum Liquids,DFO,IC,38.421389,-79.59139,0.6,PJM,,,0.6,yes,no,IC,DFO,,,
Monterey Diesel Generation Facility,MDG2,Petroleum Liquids,DFO,IC,38.421389,-79.59139,0.6,PJM,,,0.6,yes,no,IC,DFO,,,
Monterey Diesel Generation Facility,MDG3,Petroleum Liquids,DFO,IC,38.421389,-79.59139,0.6,PJM,,,0.6,yes,no,IC,DFO,,,
Monterey Diesel Generation Facility,MDG4,Petroleum Liquids,DFO,IC,38.421389,-79.59139,0.6,PJM,,,0.6,yes,no,IC,DFO,,,
Monterey Diesel Generation Facility,MDG5,Petroleum Liquids,DFO,IC,38.421389,-79.59139,0.6,PJM,,,0.6,yes,no,IC,DFO,,,
Monterey Diesel Generation Facility,MDG6,Petroleum Liquids,DFO,IC,38.421389,-79.59139,0.6,PJM,,,0.6,yes,no,IC,DFO,,,
Monterey Diesel Generation Facility,MDG7,Petroleum Liquids,DFO,IC,38.421389,-79.59139,0.6,PJM,,,0.6,yes,no,IC,DFO,,,
Monterey Diesel Generation Facility,MDG8,Petroleum Liquids,DFO,IC,38.421389,-79.59139,0.6,PJM,,,0.6,yes,no,IC,DFO,,,
Monterey Diesel Generation Facility,MDG9,Petroleum Liquids,DFO,IC,38.421389,-79.59139,0.6,PJM,,,0.6,yes,no,IC,DFO,,,
New River,E1,Landfill Gas,LFG,IC,37.183,-80.699,0.3,PJM,,,0.3,yes,no,IC,LFG,,,
New River,E10,Landfill Gas,LFG,IC,37.183,-80.699,0.3,PJM,,,0.3,yes,no,IC,LFG,,,
New River,E11,Landfill Gas,LFG,IC,37.183,-80.699,0.3,PJM,,,0.3,yes,no,IC,LFG,,,
New River,E12,Landfill Gas,LFG,IC,37.183,-80.699,0.3,PJM,,,0.3,yes,no,IC,LFG,,,
New River,E13,Landfill Gas,LFG,IC,37.183,-80.699,0.3,PJM,,,0.3,yes,no,IC,LFG,,,
New River,E14,Landfill Gas,LFG,IC,37.183,-80.699,0.3,PJM,,,0.3,yes,no,IC,LFG,,,
New River,E15,Landfill Gas,LFG,IC,37.183,-80.699,0.3,PJM,,,0.3,yes,no,IC,LFG,,,
New River,E16,Landfill Gas,LFG,IC,37.183,-80.699,0.3,PJM,,,0.3,yes,no,IC,LFG,,,
New River,E17,Landfill Gas,LFG,IC,37.183,-80.699,0.3,PJM,,,0.3,yes,no,IC,LFG,,,
New River,E18,Landfill Gas,LFG,IC,37.183,-80.699,0.3,PJM,,,0.3,yes,no,IC,LFG,,,
New River,E2,Landfill Gas,LFG,IC,37.183,-80.699,0.3,PJM,,,0.3,yes,no,IC,LFG,,,
New River,E3,Landfill Gas,LFG,IC,37.183,-80.699,0.3,PJM,,,0.3,yes,no,IC,LFG,,,
New River,E4,Landfill Gas,LFG,IC,37.183,-80.699,0.3,PJM,,,0.3,yes,no,IC,LFG,,,
New River,E5,Landfill Gas,LFG,IC,37.183,-80.699,0.3,PJM,,,0.3,yes,no,IC,LFG,,,
New River,E6,Landfill Gas,LFG,IC,37.183,-80.699,0.3,PJM,,,0.3,yes,no,IC,LFG,,,
New River,E7,Landfill Gas,LFG,IC,37.183,-80.699,0.3,PJM,,,0.3,yes,no,IC,LFG,,,
New River,E8,Landfill Gas,LFG,IC,37.183,-80.699,0.3,PJM,,,0.3,yes,no,IC,LFG,,,
New River,E9,Landfill Gas,LFG,IC,37.183,-80.699,0.3,PJM,,,0.3,yes,no,IC,LFG,,,
HP Hood CT,HHOOD,Natural Gas Fired Combustion Turbine,NG,GT,39.132519,-78.18747,15,PJM,,,15,yes,no,GT,NG,,,
Greensville County Power Station,CT01,Natural Gas Fired Combined Cycle,NG,CT,36.718236,-77.64956,369.8,PJM,generator-315241-G1,315241,369.8,no,no,CT,NG,,,
Greensville County Power Station,CT02,Natural Gas Fired Combined Cycle,NG,CT,36.718236,-77.64956,369.8,PJM,generator-315242-G2,315242,369.8,no,no,CT,NG,,,
Greensville County Power Station,CT03,Natural Gas Fired Combined Cycle,NG,CT,36.718236,-77.64956,369.8,PJM,generator-315243-G3,315243,369.8,no,no,CT,NG,,,
Greensville County Power Station,ST01,Natural Gas Fired Combined Cycle,NG,CA,36.718236,-77.64956,663.9,PJM,generator-315244-S1,315244,663.9,no,no,CA,NG,,,
Belle Haven Diesel Generation Facility,BDG10,Petroleum Liquids,DFO,IC,37.54864,-75.79082,2,PJM,,,2,yes,no,IC,DFO,,,
Belle Haven Diesel Generation Facility,BDG9,Petroleum Liquids,DFO,IC,37.54864,-75.79082,2,PJM,,,2,yes,no,IC,DFO,,,
Perdue Diesel Generation Facility,PDG5,Petroleum Liquids,DFO,IC,37.741967,-75.65598,2,PJM,,,2,yes,no,IC,DFO,,,
Perdue Diesel Generation Facility,PDG6,Petroleum Liquids,DFO,IC,37.741967,-75.65598,2,PJM,,,2,yes,no,IC,DFO,,,
Onancock Diesel Generation Facility,ODG7,Petroleum Liquids,DFO,IC,37.74542,-75.72049,2,PJM,,,2,yes,no,IC,DFO,,,
Onancock Diesel Generation Facility,ODG8,Petroleum Liquids,DFO,IC,37.74542,-75.72049,2,PJM,,,2,yes,no,IC,DFO,,,
Orange Street G1,1,Petroleum Liquids,DFO,IC,37.33206,-79.51109,1.8,PJM,,,1.8,yes,no,IC,DFO,,,
Orange Street G1,P1,Petroleum Liquids,DFO,IC,37.33206,-79.51109,0.6,PJM,,,0.6,yes,no,IC,DFO,,,
Orange Street G1,P2,Petroleum Liquids,DFO,IC,37.33206,-79.51109,0.6,PJM,,,0.6,yes,no,IC,DFO,,,
Orange Street G1,P3,Petroleum Liquids,DFO,IC,37.33206,-79.51109,0.6,PJM,,,0.6,yes,no,IC,DFO,,,
Orange Street G1,P4,Petroleum Liquids,DFO,IC,37.33206,-79.51109,0.6,PJM,,,0.6,yes,no,IC,DFO,,,
Orange Street G1,P5,Petroleum Liquids,DFO,IC,37.33206,-79.51109,0.6,PJM,,,0.6,yes,no,IC,DFO,,,